relationship_id,source_concept_id,relationship_type,target_concept_id,rationale,provenance_class,verification_status,confidence,official_relation,source_id,properties_json
r_expert_prog_1,concept_cn_plant_structures,builds_towards,concept_cn_plant_needs,Comprender estructuras facilita razonar sobre necesidades y funciones.,expert_synthesis,needs_expert_review,0.78,false,src_daniela_map,"{""official_relation"":false,""display_in_graph"":true}"
r_expert_prog_2,concept_cn_life_cycles,builds_towards,concept_cn_flowering_lifecycle,La idea general de ciclo de vida apoya la comprensión del ciclo de plantas con flor.,expert_synthesis,needs_expert_review,0.78,false,src_daniela_map,"{""official_relation"":false,""display_in_graph"":true}"
r_expert_prog_3,concept_cn_flowering_lifecycle,builds_towards,concept_cn_plant_reproduction,El ciclo con flor sitúa la reproducción dentro de una secuencia temporal.,expert_synthesis,needs_expert_review,0.78,false,src_daniela_map,"{""official_relation"":false,""display_in_graph"":true}"
r_expert_prog_4,concept_cn_flower_fruit,relates_to,concept_cn_pollination,La polinización se vincula con procesos reproductivos de las plantas con flor.,expert_synthesis,needs_expert_review,0.78,false,src_daniela_map,"{""official_relation"":false,""display_in_graph"":true}"
r_expert_prog_5,concept_cn_pollination,builds_towards,concept_cn_plant_reproduction,Comprender la polinización ayuda a explicar reproducción en plantas con flor.,expert_synthesis,needs_expert_review,0.78,false,src_daniela_map,"{""official_relation"":false,""display_in_graph"":true}"
r_expert_prog_6,concept_cn_pollination,relates_to,concept_cn_plant_importance,La polinización permite conectar reproducción vegetal con importancia ecológica.,expert_synthesis,needs_expert_review,0.78,false,src_daniela_map,"{""official_relation"":false,""display_in_graph"":true}"
r_expert_prog_100,concept_cn_pollination,builds_towards,concept_cn_ecosystems,La polinización ofrece una entrada posterior a interdependencia entre organismos y ambiente.,expert_synthesis,needs_expert_review,0.72,false,src_daniela_map,"{""official_relation"":false,""display_in_graph"":true}"
r_expert_prog_101,concept_cn_plant_needs,builds_towards,concept_cn_photosynthesis,Necesidades de plantas apoyan posteriormente el estudio de procesos de nutrición/fotosíntesis.,expert_synthesis,needs_expert_review,0.72,false,src_daniela_map,"{""official_relation"":false,""display_in_graph"":true}"
r_expert_prog_102,concept_cn_ecosystems,builds_towards,concept_cn_food_webs,Ecosistemas apoyan análisis posterior de redes de relaciones alimentarias.,expert_synthesis,needs_expert_review,0.72,false,src_daniela_map,"{""official_relation"":false,""display_in_graph"":true}"
