entity_id,layer,local_type,normalized_type,code,name,description,domain_code,subject_code,grade_code,axis_code,origin,provenance_class,verification_status,source_id,secondary_source_ids,properties_json
domain_science,L2,Dominio STEAM,steam_domain,SCI,Ciencia,Prácticas para construir explicaciones y conocimiento sobre el mundo natural.,SCI,,,,external_framework,external_framework,verified_external,src_nrc_framework,,{}
domain_engineering,L2,Dominio STEAM,steam_domain,ENG,Ingeniería,"Prácticas para definir problemas, diseñar, probar y mejorar soluciones.",ENG,,,,external_framework,external_framework,verified_external,src_nrc_framework,,{}
domain_math,L2,Dominio STEAM,steam_domain,MAT,Matemática,"Prácticas matemáticas para resolver, modelar, representar y justificar.",MAT,,,,external_framework,external_framework,verified_external,src_ccss_math,,{}
domain_computing,L2,Dominio STEAM,steam_domain,TEC,Tecnología y Computación,"Prácticas de computación, pensamiento computacional y diseño humano.",TEC,,,,external_framework,external_framework,verified_external,src_csta_2026,,{}
domain_arts_design,L2,Dominio STEAM,steam_domain,ART,Artes y Diseño,"Procesos para crear, presentar, responder y conectar mediante prácticas artísticas/de diseño.",ART,,,,external_framework,external_framework,verified_external,src_ncas,,{}
prac_sci_observation,L2,Práctica disciplinar STEAM,disciplinary_practice,SCI-OBS,Observación científica,"Observar de manera intencional, describir, comparar y registrar rasgos relevantes para producir evidencia.",SCI,,,,erandi,expert_synthesis,expert_curated,src_mineduc_cn03,,{}
prac_sci_questioning,L2,Práctica disciplinar STEAM,disciplinary_practice,SCI-Q,Formulación de preguntas científicas,Plantear y refinar preguntas sobre fenómenos que orienten la indagación y la construcción de explicaciones.,SCI,,,,external_framework,external_framework,verified_external,src_nrc_framework,,{}
prac_sci_prediction,L2,Práctica disciplinar STEAM,disciplinary_practice,SCI-PRED,Predicción e inferencia,"Anticipar resultados o relaciones a partir de conocimiento previo, patrones o modelos, distinguiendo predicción de observación.",SCI,,,,erandi,expert_synthesis,expert_curated,src_mineduc_cn03,,{}
prac_sci_modeling,L2,Práctica disciplinar STEAM,disciplinary_practice,SCI-MOD,Desarrollo y uso de modelos,"Construir, usar, comparar y revisar representaciones para describir, explicar o predecir fenómenos.",SCI,,,,external_framework,external_framework,verified_external,src_nrc_framework,,{}
prac_sci_investigation,L2,Práctica disciplinar STEAM,disciplinary_practice,SCI-INV,Planificación y realización de investigaciones,Planificar y realizar observaciones o pruebas sistemáticas para generar evidencia pertinente.,SCI,,,,external_framework,external_framework,verified_external,src_nrc_framework,,{}
prac_sci_data,L2,Práctica disciplinar STEAM,disciplinary_practice,SCI-DATA,Análisis e interpretación de datos,"Organizar, representar, comparar e interpretar datos para identificar patrones y responder preguntas.",SCI,,,,external_framework,external_framework,verified_external,src_nrc_framework,,{}
prac_sci_mathcomp,L2,Práctica disciplinar STEAM,disciplinary_practice,SCI-MC,Uso de matemática y pensamiento computacional en ciencia,"Usar cuantificación, representaciones matemáticas o herramientas computacionales para analizar fenómenos y evidencia.",SCI,,,,external_framework,external_framework,verified_external,src_nrc_framework,,{}
prac_sci_explanation,L2,Práctica disciplinar STEAM,disciplinary_practice,SCI-EXP,Construcción de explicaciones,Construir explicaciones que articulen ideas científicas con evidencia pertinente.,SCI,,,,external_framework,external_framework,verified_external,src_nrc_framework,,{}
prac_sci_argument,L2,Práctica disciplinar STEAM,disciplinary_practice,SCI-ARG,Argumentación a partir de evidencia,"Evaluar y defender afirmaciones considerando evidencia, razones y explicaciones alternativas.",SCI,,,,external_framework,external_framework,verified_external,src_nrc_framework,,{}
prac_sci_communication,L2,Práctica disciplinar STEAM,disciplinary_practice,SCI-COM,"Obtención, evaluación y comunicación de información científica","Interpretar y comunicar información, ideas y evidencia científica mediante representaciones apropiadas.",SCI,,,,external_framework,external_framework,verified_external,src_nrc_framework,,{}
prac_sci_systems,L2,Práctica disciplinar STEAM,disciplinary_practice,SCI-SYS,Pensamiento de sistemas,"Razonar sobre componentes, relaciones, límites, retroalimentaciones y efectos dentro de un sistema.",SCI,,,,erandi,expert_synthesis,needs_expert_review,src_nrc_framework,,{}
prac_eng_define,L2,Práctica disciplinar STEAM,disciplinary_practice,ENG-DEF,Definir problemas de diseño,Precisar una necesidad o problema que pueda abordarse mediante diseño.,ENG,,,,external_framework,external_framework,verified_external,src_nrc_framework,,{}
prac_eng_criteria,L2,Práctica disciplinar STEAM,disciplinary_practice,ENG-CC,Establecer criterios y restricciones,Hacer explícito qué debe lograr una solución y qué límites debe respetar.,ENG,,,,erandi,expert_synthesis,needs_expert_review,src_nrc_framework,,{}
prac_eng_ideate,L2,Práctica disciplinar STEAM,disciplinary_practice,ENG-IDEA,Generar alternativas de solución,Producir y comparar múltiples ideas posibles antes de seleccionar una dirección.,ENG,,,,erandi,expert_synthesis,needs_expert_review,src_nrc_framework,,{}
prac_eng_modelproto,L2,Práctica disciplinar STEAM,disciplinary_practice,ENG-PROT,Modelar y prototipar soluciones,"Representar o construir versiones parciales de una solución para razonar, comunicar y probar.",ENG,,,,external_framework,external_framework,verified_external,src_nrc_framework,,{}
prac_eng_test,L2,Práctica disciplinar STEAM,disciplinary_practice,ENG-TEST,Probar y evaluar soluciones,Recolectar evidencia sobre el desempeño de una solución frente a criterios y restricciones.,ENG,,,,external_framework,external_framework,verified_external,src_nrc_framework,,{}
prac_eng_iterate,L2,Práctica disciplinar STEAM,disciplinary_practice,ENG-ITER,Iterar y optimizar,Modificar una solución usando resultados de pruebas y nueva evidencia.,ENG,,,,erandi,expert_synthesis,needs_expert_review,src_nrc_framework,,{}
prac_eng_tradeoffs,L2,Práctica disciplinar STEAM,disciplinary_practice,ENG-TRADE,Razonar sobre compromisos y trade-offs,"Comparar ventajas, limitaciones y tensiones entre criterios para justificar decisiones de diseño.",ENG,,,,erandi,expert_synthesis,needs_expert_review,src_nrc_framework,,{}
prac_eng_argument,L2,Práctica disciplinar STEAM,disciplinary_practice,ENG-ARG,Argumentar decisiones de diseño,"Defender decisiones y soluciones utilizando criterios, datos y evidencia de pruebas.",ENG,,,,external_framework,external_framework,verified_external,src_nrc_framework,,{}
prac_eng_communicate,L2,Práctica disciplinar STEAM,disciplinary_practice,ENG-COM,Comunicar el diseño,"Representar y explicar problema, proceso, decisiones, evidencia y solución a otras personas.",ENG,,,,external_framework,external_framework,verified_external,src_nrc_framework,,{}
prac_eng_systems,L2,Práctica disciplinar STEAM,disciplinary_practice,ENG-SYS,Pensamiento sistémico en diseño,"Considerar cómo una solución interactúa con personas, materiales, ambiente y otros componentes del sistema.",ENG,,,,erandi,expert_synthesis,needs_expert_review,src_nrc_framework,,{}
prac_math_make_sense,L2,Práctica disciplinar STEAM,disciplinary_practice,MAT-1,Dar sentido a problemas y perseverar,"Comprender la situación, planificar una estrategia, monitorear y sostener el esfuerzo.",MAT,,,,external_framework,external_framework,verified_external,src_ccss_math,,{}
prac_math_reason_abstract,L2,Práctica disciplinar STEAM,disciplinary_practice,MAT-2,Razonar de manera abstracta y cuantitativa,Moverse entre cantidades contextualizadas y representaciones abstractas.,MAT,,,,external_framework,external_framework,verified_external,src_ccss_math,,{}
prac_math_argument,L2,Práctica disciplinar STEAM,disciplinary_practice,MAT-3,Construir argumentos y criticar razonamientos,Justificar conclusiones y analizar razonamientos de otras personas.,MAT,,,,external_framework,external_framework,verified_external,src_ccss_math,,{}
prac_math_model,L2,Práctica disciplinar STEAM,disciplinary_practice,MAT-4,Modelar con matemática,"Usar matemática para representar, analizar y tomar decisiones sobre situaciones reales.",MAT,,,,external_framework,external_framework,verified_external,src_ccss_math,,{}
prac_math_tools,L2,Práctica disciplinar STEAM,disciplinary_practice,MAT-5,Usar herramientas estratégicamente,"Seleccionar y usar instrumentos, representaciones o tecnologías de manera pertinente.",MAT,,,,external_framework,external_framework,verified_external,src_ccss_math,,{}
prac_math_precision,L2,Práctica disciplinar STEAM,disciplinary_practice,MAT-6,Atender a la precisión,"Usar unidades, lenguaje, cálculos y representaciones con precisión suficiente al propósito.",MAT,,,,external_framework,external_framework,verified_external,src_ccss_math,,{}
prac_math_structure,L2,Práctica disciplinar STEAM,disciplinary_practice,MAT-7,Buscar y usar estructura,"Identificar organización, relaciones y estructuras que simplifican o explican.",MAT,,,,external_framework,external_framework,verified_external,src_ccss_math,,{}
prac_math_regularity,L2,Práctica disciplinar STEAM,disciplinary_practice,MAT-8,Buscar regularidad en razonamientos repetidos,Detectar patrones en procesos repetidos y usarlos para generalizar o anticipar.,MAT,,,,external_framework,external_framework,verified_external,src_ccss_math,,{}
prac_cs_positive_impact,L2,Práctica disciplinar STEAM,disciplinary_practice,TEC-1,Usar la computación para un impacto social positivo,Considerar cómo la computación puede contribuir responsablemente a personas y comunidades.,TEC,,,,external_framework,external_framework,verified_external,src_csta_2026,,{}
prac_cs_rights_dignity,L2,Práctica disciplinar STEAM,disciplinary_practice,TEC-2,"Respetar derechos, privacidad y dignidad","Crear productos computacionales respetando propiedad, privacidad, seguridad y dignidad.",TEC,,,,external_framework,external_framework,verified_external,src_csta_2026,,{}
prac_cs_communicate,L2,Práctica disciplinar STEAM,disciplinary_practice,TEC-3,Comunicar eficazmente sobre computación,"Explicar procesos, decisiones, resultados y limitaciones de soluciones computacionales.",TEC,,,,external_framework,external_framework,verified_external,src_csta_2026,,{}
prac_cs_manage,L2,Práctica disciplinar STEAM,disciplinary_practice,TEC-4,Gestionar proyectos computacionales,"Planificar, organizar recursos y monitorear el avance de un proyecto computacional.",TEC,,,,external_framework,external_framework,verified_external,src_csta_2026,,{}
prac_cs_collaborate,L2,Práctica disciplinar STEAM,disciplinary_practice,TEC-5,Participar responsablemente en colaboraciones computacionales,"Contribuir de forma inclusiva, responsable y coordinada al trabajo colectivo.",TEC,,,,external_framework,external_framework,verified_external,src_csta_2026,,{}
prac_cs_define_problem,L2,Práctica disciplinar STEAM,disciplinary_practice,TEC-6,Reconocer y definir problemas computacionales,Identificar problemas o partes de problemas que pueden representarse o abordarse computacionalmente.,TEC,,,,external_framework,external_framework,verified_external,src_csta_2026,,{}
prac_cs_abstraction,L2,Práctica disciplinar STEAM,disciplinary_practice,TEC-7,Desarrollar y usar abstracciones,Representar información o procesos omitiendo detalles innecesarios para resolver un propósito.,TEC,,,,external_framework,external_framework,verified_external,src_csta_2026,,{}
prac_cs_create,L2,Práctica disciplinar STEAM,disciplinary_practice,TEC-8,Crear productos computacionales,"Diseñar y construir artefactos, representaciones o sistemas computacionales.",TEC,,,,external_framework,external_framework,verified_external,src_csta_2026,,{}
prac_cs_test_refine,L2,Práctica disciplinar STEAM,disciplinary_practice,TEC-9,Probar y refinar productos computacionales,"Evaluar resultados, encontrar problemas y mejorar productos mediante iteración.",TEC,,,,external_framework,external_framework,verified_external,src_csta_2026,,{}
prac_cs_users,L2,Práctica disciplinar STEAM,disciplinary_practice,TEC-10,Comprender e involucrar a usuarios diversos,Investigar necesidades y perspectivas de usuarios para orientar decisiones de diseño.,TEC,,,,external_framework,external_framework,verified_external,src_csta_2026,,{}
prac_cs_iterative_design,L2,Práctica disciplinar STEAM,disciplinary_practice,TEC-11,Aplicar procesos iterativos de diseño,"Generar, probar y revisar soluciones en ciclos basados en evidencia y retroalimentación.",TEC,,,,external_framework,external_framework,verified_external,src_csta_2026,,{}
prac_cs_empower,L2,Práctica disciplinar STEAM,disciplinary_practice,TEC-12,Crear tecnologías que empoderen e informen,"Diseñar tecnologías que amplíen agencia, acceso, comprensión o participación.",TEC,,,,external_framework,external_framework,verified_external,src_csta_2026,,{}
prac_art_generate,L2,Práctica disciplinar STEAM,disciplinary_practice,ART-1,Generar y conceptualizar ideas artísticas,"Generar ideas, preguntas y posibilidades para crear trabajo artístico o de diseño.",ART,,,,external_framework,external_framework,verified_external,src_ncas,,{}
prac_art_develop,L2,Práctica disciplinar STEAM,disciplinary_practice,ART-2,Organizar y desarrollar ideas y trabajo,"Explorar materiales, decisiones y composiciones para desarrollar una creación.",ART,,,,external_framework,external_framework,verified_external,src_ncas,,{}
prac_art_refine,L2,Práctica disciplinar STEAM,disciplinary_practice,ART-3,Refinar y completar trabajo,"Revisar y mejorar una creación usando intención, criterios y retroalimentación.",ART,,,,external_framework,external_framework,verified_external,src_ncas,,{}
prac_art_select_present,L2,Práctica disciplinar STEAM,disciplinary_practice,ART-4,Seleccionar trabajo para presentar,"Elegir qué y cómo presentar según intención, audiencia y contexto.",ART,,,,external_framework,external_framework,verified_external,src_ncas,,{}
prac_art_prepare_present,L2,Práctica disciplinar STEAM,disciplinary_practice,ART-5,Desarrollar y refinar para presentación,"Preparar, ajustar y cuidar decisiones técnicas/expresivas para compartir una obra.",ART,,,,external_framework,external_framework,verified_external,src_ncas,,{}
prac_art_convey,L2,Práctica disciplinar STEAM,disciplinary_practice,ART-6,Transmitir significado mediante la presentación,Usar decisiones visuales/artísticas para comunicar ideas o significados.,ART,,,,external_framework,external_framework,verified_external,src_ncas,,{}
prac_art_perceive,L2,Práctica disciplinar STEAM,disciplinary_practice,ART-7,Percibir y analizar trabajo artístico,"Observar con atención y analizar elementos, relaciones y características.",ART,,,,external_framework,external_framework,verified_external,src_ncas,,{}
prac_art_interpret,L2,Práctica disciplinar STEAM,disciplinary_practice,ART-8,Interpretar intención y significado,"Construir interpretaciones fundamentadas de obras, diseños o representaciones.",ART,,,,external_framework,external_framework,verified_external,src_ncas,,{}
prac_art_evaluate,L2,Práctica disciplinar STEAM,disciplinary_practice,ART-9,Aplicar criterios para evaluar,Usar criterios explícitos para valorar y retroalimentar trabajo artístico/de diseño.,ART,,,,external_framework,external_framework,verified_external,src_ncas,,{}
prac_art_connect_personal,L2,Práctica disciplinar STEAM,disciplinary_practice,ART-10,Conectar conocimiento y experiencias personales,"Relacionar creación artística con experiencias, conocimientos e intereses.",ART,,,,external_framework,external_framework,verified_external,src_ncas,,{}
prac_art_connect_context,L2,Práctica disciplinar STEAM,disciplinary_practice,ART-11,"Conectar arte con contextos sociales, culturales e históricos","Comprender y crear considerando contextos culturales, comunitarios e históricos.",ART,,,,external_framework,external_framework,verified_external,src_ncas,,{}
comp_creativity,L2,Competencia transversal,cross_cutting_competency,,Creatividad,"Generar, explorar, combinar y refinar ideas o representaciones novedosas y pertinentes.",X,,,,erandi,expert_synthesis,needs_expert_review,src_nrc_framework,src_ccss_math;src_csta_2026;src_ncas,{}
comp_critical_thinking,L2,Competencia transversal,cross_cutting_competency,,Pensamiento crítico,"Analizar información, relaciones, supuestos, evidencia y alternativas para formar juicios razonados.",X,,,,erandi,expert_synthesis,needs_expert_review,src_nrc_framework,src_ccss_math;src_csta_2026;src_ncas,{}
comp_problem_solving,L2,Competencia transversal,cross_cutting_competency,,Resolución de problemas,"Comprender una situación desafiante, desarrollar estrategias, probarlas y ajustarlas.",X,,,,erandi,expert_synthesis,needs_expert_review,src_nrc_framework,src_ccss_math;src_csta_2026;src_ncas,{}
comp_communication,L2,Competencia transversal,cross_cutting_competency,,Comunicación,"Expresar, representar, escuchar e interpretar ideas y evidencia para una audiencia y propósito.",X,,,,erandi,expert_synthesis,needs_expert_review,src_nrc_framework,src_ccss_math;src_csta_2026;src_ncas,{}
comp_collaboration,L2,Competencia transversal,cross_cutting_competency,,Colaboración,"Construir conocimiento o soluciones con otras personas mediante contribución, coordinación y responsabilidad compartida.",X,,,,erandi,expert_synthesis,needs_expert_review,src_nrc_framework,src_ccss_math;src_csta_2026;src_ncas,{}
prog_prac_sci_observation_L1,L2,Nivel de progresión,practice_progression_level,SCI-OBS-L1,Notar,Identifica rasgos o eventos relevantes con apoyo y los distingue de información no observable.,SCI,,,,erandi,expert_synthesis,needs_expert_review,src_mineduc_cn03,src_daniela_map,"{""practice_id"":""prac_sci_observation"",""level_order"":1,""official_progression"":false}"
prog_prac_sci_observation_L2,L2,Nivel de progresión,practice_progression_level,SCI-OBS-L2,Describir y comparar,Describe observaciones con mayor especificidad y compara semejanzas/diferencias usando criterios simples.,SCI,,,,erandi,expert_synthesis,needs_expert_review,src_mineduc_cn03,src_daniela_map,"{""practice_id"":""prac_sci_observation"",""level_order"":2,""official_progression"":false}"
prog_prac_sci_observation_L3,L2,Nivel de progresión,practice_progression_level,SCI-OBS-L3,Registrar,"Registra observaciones mediante dibujos, tablas, medidas u otras representaciones apropiadas al propósito.",SCI,,,,erandi,expert_synthesis,needs_expert_review,src_mineduc_cn03,src_daniela_map,"{""practice_id"":""prac_sci_observation"",""level_order"":3,""official_progression"":false}"
prog_prac_sci_observation_L4,L2,Nivel de progresión,practice_progression_level,SCI-OBS-L4,Usar como evidencia,Usa patrones de observación registrados para apoyar o revisar una explicación.,SCI,,,,erandi,expert_synthesis,needs_expert_review,src_mineduc_cn03,src_daniela_map,"{""practice_id"":""prac_sci_observation"",""level_order"":4,""official_progression"":false}"
prog_prac_sci_questioning_L1,L2,Nivel de progresión,practice_progression_level,SCI-Q-L1,Preguntar desde la curiosidad,Formula preguntas sobre un fenómeno a partir de lo que observa o ya sabe.,SCI,,,,erandi,expert_synthesis,needs_expert_review,src_nrc_framework,src_daniela_map,"{""practice_id"":""prac_sci_questioning"",""level_order"":1,""official_progression"":false}"
prog_prac_sci_questioning_L2,L2,Nivel de progresión,practice_progression_level,SCI-Q-L2,Distinguir preguntas investigables,"Reconoce cuáles preguntas podrían abordarse mediante observación, datos o pruebas.",SCI,,,,erandi,expert_synthesis,needs_expert_review,src_nrc_framework,src_daniela_map,"{""practice_id"":""prac_sci_questioning"",""level_order"":2,""official_progression"":false}"
prog_prac_sci_questioning_L3,L2,Nivel de progresión,practice_progression_level,SCI-Q-L3,Refinar,Ajusta una pregunta para precisar qué se quiere saber y qué evidencia sería útil.,SCI,,,,erandi,expert_synthesis,needs_expert_review,src_nrc_framework,src_daniela_map,"{""practice_id"":""prac_sci_questioning"",""level_order"":3,""official_progression"":false}"
prog_prac_sci_questioning_L4,L2,Nivel de progresión,practice_progression_level,SCI-Q-L4,Conectar pregunta y evidencia,Relaciona explícitamente la pregunta con el diseño de recolección de evidencia.,SCI,,,,erandi,expert_synthesis,needs_expert_review,src_nrc_framework,src_daniela_map,"{""practice_id"":""prac_sci_questioning"",""level_order"":4,""official_progression"":false}"
prog_prac_sci_prediction_L1,L2,Nivel de progresión,practice_progression_level,SCI-PRED-L1,Anticipar,Expresa qué cree que ocurrirá antes de observar o probar.,SCI,,,,erandi,expert_synthesis,needs_expert_review,src_mineduc_cn03,src_daniela_map,"{""practice_id"":""prac_sci_prediction"",""level_order"":1,""official_progression"":false}"
prog_prac_sci_prediction_L2,L2,Nivel de progresión,practice_progression_level,SCI-PRED-L2,Justificar,"Da una razón simple basada en experiencia, patrón o conocimiento previo.",SCI,,,,erandi,expert_synthesis,needs_expert_review,src_mineduc_cn03,src_daniela_map,"{""practice_id"":""prac_sci_prediction"",""level_order"":2,""official_progression"":false}"
prog_prac_sci_prediction_L3,L2,Nivel de progresión,practice_progression_level,SCI-PRED-L3,Usar un modelo,Hace predicciones a partir de relaciones representadas en un modelo.,SCI,,,,erandi,expert_synthesis,needs_expert_review,src_mineduc_cn03,src_daniela_map,"{""practice_id"":""prac_sci_prediction"",""level_order"":3,""official_progression"":false}"
prog_prac_sci_prediction_L4,L2,Nivel de progresión,practice_progression_level,SCI-PRED-L4,Revisar frente a evidencia,"Compara predicción y resultado, explicando qué cambió en su pensamiento.",SCI,,,,erandi,expert_synthesis,needs_expert_review,src_mineduc_cn03,src_daniela_map,"{""practice_id"":""prac_sci_prediction"",""level_order"":4,""official_progression"":false}"
prog_prac_sci_modeling_L1,L2,Nivel de progresión,practice_progression_level,SCI-MOD-L1,Representar componentes,Incluye elementos relevantes del fenómeno en una representación.,SCI,,,,erandi,expert_synthesis,needs_expert_review,src_nrc_framework,src_daniela_map,"{""practice_id"":""prac_sci_modeling"",""level_order"":1,""official_progression"":false}"
prog_prac_sci_modeling_L2,L2,Nivel de progresión,practice_progression_level,SCI-MOD-L2,Representar relaciones,"Muestra cómo se relacionan componentes, usando flechas, posiciones, secuencias u otras convenciones.",SCI,,,,erandi,expert_synthesis,needs_expert_review,src_nrc_framework,src_daniela_map,"{""practice_id"":""prac_sci_modeling"",""level_order"":2,""official_progression"":false}"
prog_prac_sci_modeling_L3,L2,Nivel de progresión,practice_progression_level,SCI-MOD-L3,Explicar o predecir,Usa el modelo para explicar un fenómeno o anticipar un cambio.,SCI,,,,erandi,expert_synthesis,needs_expert_review,src_nrc_framework,src_daniela_map,"{""practice_id"":""prac_sci_modeling"",""level_order"":3,""official_progression"":false}"
prog_prac_sci_modeling_L4,L2,Nivel de progresión,practice_progression_level,SCI-MOD-L4,Revisar con evidencia,"Compara el modelo con nueva evidencia, identifica limitaciones y lo modifica.",SCI,,,,erandi,expert_synthesis,needs_expert_review,src_nrc_framework,src_daniela_map,"{""practice_id"":""prac_sci_modeling"",""level_order"":4,""official_progression"":false}"
prog_prac_sci_investigation_L1,L2,Nivel de progresión,practice_progression_level,SCI-INV-L1,Participar en una indagación guiada,Sigue una secuencia con propósito claro y contribuye a observar o recolectar evidencia.,SCI,,,,erandi,expert_synthesis,needs_expert_review,src_nrc_framework,src_daniela_map,"{""practice_id"":""prac_sci_investigation"",""level_order"":1,""official_progression"":false}"
prog_prac_sci_investigation_L2,L2,Nivel de progresión,practice_progression_level,SCI-INV-L2,Relacionar pregunta y procedimiento,Comprende cómo las acciones de la investigación ayudan a responder la pregunta.,SCI,,,,erandi,expert_synthesis,needs_expert_review,src_nrc_framework,src_daniela_map,"{""practice_id"":""prac_sci_investigation"",""level_order"":2,""official_progression"":false}"
prog_prac_sci_investigation_L3,L2,Nivel de progresión,practice_progression_level,SCI-INV-L3,Tomar decisiones simples de diseño,"Participa en decisiones sobre qué comparar, medir, registrar o mantener consistente.",SCI,,,,erandi,expert_synthesis,needs_expert_review,src_nrc_framework,src_daniela_map,"{""practice_id"":""prac_sci_investigation"",""level_order"":3,""official_progression"":false}"
prog_prac_sci_investigation_L4,L2,Nivel de progresión,practice_progression_level,SCI-INV-L4,Evaluar la investigación,Identifica limitaciones de la evidencia y propone mejoras al procedimiento.,SCI,,,,erandi,expert_synthesis,needs_expert_review,src_nrc_framework,src_daniela_map,"{""practice_id"":""prac_sci_investigation"",""level_order"":4,""official_progression"":false}"
prog_prac_sci_data_L1,L2,Nivel de progresión,practice_progression_level,SCI-DATA-L1,Organizar,Agrupa o registra datos de forma que puedan revisarse.,SCI,,,,erandi,expert_synthesis,needs_expert_review,src_nrc_framework,src_daniela_map,"{""practice_id"":""prac_sci_data"",""level_order"":1,""official_progression"":false}"
prog_prac_sci_data_L2,L2,Nivel de progresión,practice_progression_level,SCI-DATA-L2,Representar y comparar,"Usa tablas, gráficos o categorías simples para comparar resultados.",SCI,,,,erandi,expert_synthesis,needs_expert_review,src_nrc_framework,src_daniela_map,"{""practice_id"":""prac_sci_data"",""level_order"":2,""official_progression"":false}"
prog_prac_sci_data_L3,L2,Nivel de progresión,practice_progression_level,SCI-DATA-L3,Identificar patrones,"Describe regularidades, diferencias o relaciones presentes en los datos.",SCI,,,,erandi,expert_synthesis,needs_expert_review,src_nrc_framework,src_daniela_map,"{""practice_id"":""prac_sci_data"",""level_order"":3,""official_progression"":false}"
prog_prac_sci_data_L4,L2,Nivel de progresión,practice_progression_level,SCI-DATA-L4,Interpretar para responder,Usa los patrones como evidencia para responder una pregunta o evaluar una explicación.,SCI,,,,erandi,expert_synthesis,needs_expert_review,src_nrc_framework,src_daniela_map,"{""practice_id"":""prac_sci_data"",""level_order"":4,""official_progression"":false}"
prog_prac_sci_mathcomp_L1,L2,Nivel de progresión,practice_progression_level,SCI-MC-L1,Participar con apoyo,"Participa en la práctica «Uso de matemática y pensamiento computacional en ciencia» con apoyos explícitos, ejemplos o una estructura provista.",SCI,,,,erandi,expert_synthesis,needs_expert_review,src_nrc_framework,src_daniela_map,"{""practice_id"":""prac_sci_mathcomp"",""level_order"":1,""official_progression"":false}"
prog_prac_sci_mathcomp_L2,L2,Nivel de progresión,practice_progression_level,SCI-MC-L2,Aplicar con propósito,"Aplica «Uso de matemática y pensamiento computacional en ciencia» en una situación conocida, explicando decisiones básicas y usando representaciones/herramientas pertinentes.",SCI,,,,erandi,expert_synthesis,needs_expert_review,src_nrc_framework,src_daniela_map,"{""practice_id"":""prac_sci_mathcomp"",""level_order"":2,""official_progression"":false}"
prog_prac_sci_mathcomp_L3,L2,Nivel de progresión,practice_progression_level,SCI-MC-L3,"Seleccionar, justificar y revisar","Usa «Uso de matemática y pensamiento computacional en ciencia» con mayor autonomía; selecciona estrategias, justifica decisiones y revisa su trabajo frente a criterios, evidencia o retroalimentación.",SCI,,,,erandi,expert_synthesis,needs_expert_review,src_nrc_framework,src_daniela_map,"{""practice_id"":""prac_sci_mathcomp"",""level_order"":3,""official_progression"":false}"
prog_prac_sci_explanation_L1,L2,Nivel de progresión,practice_progression_level,SCI-EXP-L1,Describir lo ocurrido,Expresa qué ocurrió o qué relación observa.,SCI,,,,erandi,expert_synthesis,needs_expert_review,src_nrc_framework,src_daniela_map,"{""practice_id"":""prac_sci_explanation"",""level_order"":1,""official_progression"":false}"
prog_prac_sci_explanation_L2,L2,Nivel de progresión,practice_progression_level,SCI-EXP-L2,Conectar idea y evidencia,Relaciona una idea explicativa simple con observaciones o datos relevantes.,SCI,,,,erandi,expert_synthesis,needs_expert_review,src_nrc_framework,src_daniela_map,"{""practice_id"":""prac_sci_explanation"",""level_order"":2,""official_progression"":false}"
prog_prac_sci_explanation_L3,L2,Nivel de progresión,practice_progression_level,SCI-EXP-L3,Explicar causalmente,Articula cómo o por qué componentes/relaciones producen el fenómeno.,SCI,,,,erandi,expert_synthesis,needs_expert_review,src_nrc_framework,src_daniela_map,"{""practice_id"":""prac_sci_explanation"",""level_order"":3,""official_progression"":false}"
prog_prac_sci_explanation_L4,L2,Nivel de progresión,practice_progression_level,SCI-EXP-L4,Revisar explicación,Modifica la explicación al considerar nueva evidencia o una explicación alternativa.,SCI,,,,erandi,expert_synthesis,needs_expert_review,src_nrc_framework,src_daniela_map,"{""practice_id"":""prac_sci_explanation"",""level_order"":4,""official_progression"":false}"
prog_prac_sci_argument_L1,L2,Nivel de progresión,practice_progression_level,SCI-ARG-L1,Expresar una afirmación,Propone una conclusión o interpretación.,SCI,,,,erandi,expert_synthesis,needs_expert_review,src_nrc_framework,src_daniela_map,"{""practice_id"":""prac_sci_argument"",""level_order"":1,""official_progression"":false}"
prog_prac_sci_argument_L2,L2,Nivel de progresión,practice_progression_level,SCI-ARG-L2,Apoyar con evidencia,Selecciona evidencia pertinente para apoyar la afirmación.,SCI,,,,erandi,expert_synthesis,needs_expert_review,src_nrc_framework,src_daniela_map,"{""practice_id"":""prac_sci_argument"",""level_order"":2,""official_progression"":false}"
prog_prac_sci_argument_L3,L2,Nivel de progresión,practice_progression_level,SCI-ARG-L3,Comparar argumentos,Considera evidencia/razones de otras explicaciones y responde a ellas.,SCI,,,,erandi,expert_synthesis,needs_expert_review,src_nrc_framework,src_daniela_map,"{""practice_id"":""prac_sci_argument"",""level_order"":3,""official_progression"":false}"
prog_prac_sci_argument_L4,L2,Nivel de progresión,practice_progression_level,SCI-ARG-L4,Revisar y justificar,Ajusta su afirmación o justificación cuando la evidencia lo requiere.,SCI,,,,erandi,expert_synthesis,needs_expert_review,src_nrc_framework,src_daniela_map,"{""practice_id"":""prac_sci_argument"",""level_order"":4,""official_progression"":false}"
prog_prac_sci_communication_L1,L2,Nivel de progresión,practice_progression_level,SCI-COM-L1,Representar una idea,"Comunica observaciones o ideas mediante lenguaje, dibujo, material concreto o modelo.",SCI,,,,erandi,expert_synthesis,needs_expert_review,src_nrc_framework,src_daniela_map,"{""practice_id"":""prac_sci_communication"",""level_order"":1,""official_progression"":false}"
prog_prac_sci_communication_L2,L2,Nivel de progresión,practice_progression_level,SCI-COM-L2,Seleccionar evidencia,Incluye información/evidencia relevante al propósito.,SCI,,,,erandi,expert_synthesis,needs_expert_review,src_nrc_framework,src_daniela_map,"{""practice_id"":""prac_sci_communication"",""level_order"":2,""official_progression"":false}"
prog_prac_sci_communication_L3,L2,Nivel de progresión,practice_progression_level,SCI-COM-L3,Adecuar a audiencia y propósito,Elige representaciones y nivel de detalle apropiados.,SCI,,,,erandi,expert_synthesis,needs_expert_review,src_nrc_framework,src_daniela_map,"{""practice_id"":""prac_sci_communication"",""level_order"":3,""official_progression"":false}"
prog_prac_sci_communication_L4,L2,Nivel de progresión,practice_progression_level,SCI-COM-L4,Integrar y responder,"Compara ideas, responde preguntas y revisa la comunicación para mejorar claridad/precisión.",SCI,,,,erandi,expert_synthesis,needs_expert_review,src_nrc_framework,src_daniela_map,"{""practice_id"":""prac_sci_communication"",""level_order"":4,""official_progression"":false}"
prog_prac_sci_systems_L1,L2,Nivel de progresión,practice_progression_level,SCI-SYS-L1,Identificar componentes,Reconoce partes relevantes de un sistema.,SCI,,,,erandi,expert_synthesis,needs_expert_review,src_nrc_framework,src_daniela_map,"{""practice_id"":""prac_sci_systems"",""level_order"":1,""official_progression"":false}"
prog_prac_sci_systems_L2,L2,Nivel de progresión,practice_progression_level,SCI-SYS-L2,Conectar componentes,Representa relaciones entre componentes.,SCI,,,,erandi,expert_synthesis,needs_expert_review,src_nrc_framework,src_daniela_map,"{""practice_id"":""prac_sci_systems"",""level_order"":2,""official_progression"":false}"
prog_prac_sci_systems_L3,L2,Nivel de progresión,practice_progression_level,SCI-SYS-L3,Rastrear efectos,Predice cómo un cambio en una parte puede afectar otras.,SCI,,,,erandi,expert_synthesis,needs_expert_review,src_nrc_framework,src_daniela_map,"{""practice_id"":""prac_sci_systems"",""level_order"":3,""official_progression"":false}"
prog_prac_sci_systems_L4,L2,Nivel de progresión,practice_progression_level,SCI-SYS-L4,Razonar sobre límites y retroalimentaciones,"Considera múltiples relaciones, límites del modelo y efectos indirectos.",SCI,,,,erandi,expert_synthesis,needs_expert_review,src_nrc_framework,src_daniela_map,"{""practice_id"":""prac_sci_systems"",""level_order"":4,""official_progression"":false}"
prog_prac_eng_define_L1,L2,Nivel de progresión,practice_progression_level,ENG-DEF-L1,Reconocer una necesidad,Identifica una situación que podría mejorarse o resolverse.,ENG,,,,erandi,expert_synthesis,needs_expert_review,src_nrc_framework,,"{""practice_id"":""prac_eng_define"",""level_order"":1,""official_progression"":false}"
prog_prac_eng_define_L2,L2,Nivel de progresión,practice_progression_level,ENG-DEF-L2,Enunciar el problema,Describe para quién es el problema y qué necesita lograrse.,ENG,,,,erandi,expert_synthesis,needs_expert_review,src_nrc_framework,,"{""practice_id"":""prac_eng_define"",""level_order"":2,""official_progression"":false}"
prog_prac_eng_define_L3,L2,Nivel de progresión,practice_progression_level,ENG-DEF-L3,Delimitar,Distingue el problema central de aspectos secundarios y explicita información necesaria.,ENG,,,,erandi,expert_synthesis,needs_expert_review,src_nrc_framework,,"{""practice_id"":""prac_eng_define"",""level_order"":3,""official_progression"":false}"
prog_prac_eng_define_L4,L2,Nivel de progresión,practice_progression_level,ENG-DEF-L4,Reformular con evidencia,Ajusta la definición del problema después de investigar usuarios/contexto.,ENG,,,,erandi,expert_synthesis,needs_expert_review,src_nrc_framework,,"{""practice_id"":""prac_eng_define"",""level_order"":4,""official_progression"":false}"
prog_prac_eng_criteria_L1,L2,Nivel de progresión,practice_progression_level,ENG-CC-L1,Reconocer éxito y límites,Identifica qué debería lograr la solución y una limitación relevante.,ENG,,,,erandi,expert_synthesis,needs_expert_review,src_nrc_framework,,"{""practice_id"":""prac_eng_criteria"",""level_order"":1,""official_progression"":false}"
prog_prac_eng_criteria_L2,L2,Nivel de progresión,practice_progression_level,ENG-CC-L2,Explicitar criterios/restricciones,Formula criterios de éxito y restricciones observables.,ENG,,,,erandi,expert_synthesis,needs_expert_review,src_nrc_framework,,"{""practice_id"":""prac_eng_criteria"",""level_order"":2,""official_progression"":false}"
prog_prac_eng_criteria_L3,L2,Nivel de progresión,practice_progression_level,ENG-CC-L3,Priorizar y medir,Decide cuáles criterios importan más y cómo se comprobarán.,ENG,,,,erandi,expert_synthesis,needs_expert_review,src_nrc_framework,,"{""practice_id"":""prac_eng_criteria"",""level_order"":3,""official_progression"":false}"
prog_prac_eng_criteria_L4,L2,Nivel de progresión,practice_progression_level,ENG-CC-L4,Revisar criterios,Ajusta criterios/restricciones según evidencia y contexto.,ENG,,,,erandi,expert_synthesis,needs_expert_review,src_nrc_framework,,"{""practice_id"":""prac_eng_criteria"",""level_order"":4,""official_progression"":false}"
prog_prac_eng_ideate_L1,L2,Nivel de progresión,practice_progression_level,ENG-IDEA-L1,Generar una idea,Propone al menos una solución posible.,ENG,,,,erandi,expert_synthesis,needs_expert_review,src_nrc_framework,,"{""practice_id"":""prac_eng_ideate"",""level_order"":1,""official_progression"":false}"
prog_prac_eng_ideate_L2,L2,Nivel de progresión,practice_progression_level,ENG-IDEA-L2,Generar alternativas,Produce varias opciones diferentes antes de elegir.,ENG,,,,erandi,expert_synthesis,needs_expert_review,src_nrc_framework,,"{""practice_id"":""prac_eng_ideate"",""level_order"":2,""official_progression"":false}"
prog_prac_eng_ideate_L3,L2,Nivel de progresión,practice_progression_level,ENG-IDEA-L3,Combinar y comparar,Usa criterios para combinar fortalezas o seleccionar una alternativa.,ENG,,,,erandi,expert_synthesis,needs_expert_review,src_nrc_framework,,"{""practice_id"":""prac_eng_ideate"",""level_order"":3,""official_progression"":false}"
prog_prac_eng_ideate_L4,L2,Nivel de progresión,practice_progression_level,ENG-IDEA-L4,Idear estratégicamente,Genera alternativas dirigidas a superar fallas o trade-offs observados.,ENG,,,,erandi,expert_synthesis,needs_expert_review,src_nrc_framework,,"{""practice_id"":""prac_eng_ideate"",""level_order"":4,""official_progression"":false}"
prog_prac_eng_modelproto_L1,L2,Nivel de progresión,practice_progression_level,ENG-PROT-L1,Representar una solución,"Produce un dibujo, modelo o construcción parcial de una idea.",ENG,,,,erandi,expert_synthesis,needs_expert_review,src_nrc_framework,,"{""practice_id"":""prac_eng_modelproto"",""level_order"":1,""official_progression"":false}"
prog_prac_eng_modelproto_L2,L2,Nivel de progresión,practice_progression_level,ENG-PROT-L2,Hacer visible el funcionamiento,El prototipo representa componentes y relaciones relevantes al criterio de diseño.,ENG,,,,erandi,expert_synthesis,needs_expert_review,src_nrc_framework,,"{""practice_id"":""prac_eng_modelproto"",""level_order"":2,""official_progression"":false}"
prog_prac_eng_modelproto_L3,L2,Nivel de progresión,practice_progression_level,ENG-PROT-L3,Prototipar para probar,Construye deliberadamente una versión que permita recolectar evidencia sobre una hipótesis de diseño.,ENG,,,,erandi,expert_synthesis,needs_expert_review,src_nrc_framework,,"{""practice_id"":""prac_eng_modelproto"",""level_order"":3,""official_progression"":false}"
prog_prac_eng_modelproto_L4,L2,Nivel de progresión,practice_progression_level,ENG-PROT-L4,Elegir fidelidad estratégicamente,Selecciona qué aspectos prototipar con mayor detalle según la pregunta de prueba.,ENG,,,,erandi,expert_synthesis,needs_expert_review,src_nrc_framework,,"{""practice_id"":""prac_eng_modelproto"",""level_order"":4,""official_progression"":false}"
prog_prac_eng_test_L1,L2,Nivel de progresión,practice_progression_level,ENG-TEST-L1,Probar funcionamiento,Observa qué ocurre cuando se usa o prueba la solución.,ENG,,,,erandi,expert_synthesis,needs_expert_review,src_nrc_framework,,"{""practice_id"":""prac_eng_test"",""level_order"":1,""official_progression"":false}"
prog_prac_eng_test_L2,L2,Nivel de progresión,practice_progression_level,ENG-TEST-L2,Probar contra un criterio,Recolecta evidencia vinculada explícitamente a un criterio.,ENG,,,,erandi,expert_synthesis,needs_expert_review,src_nrc_framework,,"{""practice_id"":""prac_eng_test"",""level_order"":2,""official_progression"":false}"
prog_prac_eng_test_L3,L2,Nivel de progresión,practice_progression_level,ENG-TEST-L3,Comparar alternativas,Aplica un procedimiento comparable a más de una solución o versión.,ENG,,,,erandi,expert_synthesis,needs_expert_review,src_nrc_framework,,"{""practice_id"":""prac_eng_test"",""level_order"":3,""official_progression"":false}"
prog_prac_eng_test_L4,L2,Nivel de progresión,practice_progression_level,ENG-TEST-L4,Evaluar validez de la prueba,Identifica si la prueba realmente permite juzgar el criterio y propone mejoras.,ENG,,,,erandi,expert_synthesis,needs_expert_review,src_nrc_framework,,"{""practice_id"":""prac_eng_test"",""level_order"":4,""official_progression"":false}"
prog_prac_eng_iterate_L1,L2,Nivel de progresión,practice_progression_level,ENG-ITER-L1,Cambiar después de probar,Modifica una solución después de observar un problema.,ENG,,,,erandi,expert_synthesis,needs_expert_review,src_nrc_framework,,"{""practice_id"":""prac_eng_iterate"",""level_order"":1,""official_progression"":false}"
prog_prac_eng_iterate_L2,L2,Nivel de progresión,practice_progression_level,ENG-ITER-L2,Usar evidencia para cambiar,Explica qué evidencia motivó una modificación específica.,ENG,,,,erandi,expert_synthesis,needs_expert_review,src_nrc_framework,,"{""practice_id"":""prac_eng_iterate"",""level_order"":2,""official_progression"":false}"
prog_prac_eng_iterate_L3,L2,Nivel de progresión,practice_progression_level,ENG-ITER-L3,Priorizar cambios,"Decide qué modificar primero según criterios, restricciones y resultados.",ENG,,,,erandi,expert_synthesis,needs_expert_review,src_nrc_framework,,"{""practice_id"":""prac_eng_iterate"",""level_order"":3,""official_progression"":false}"
prog_prac_eng_iterate_L4,L2,Nivel de progresión,practice_progression_level,ENG-ITER-L4,Optimizar,Realiza ciclos de prueba y revisión gestionando múltiples criterios/trade-offs.,ENG,,,,erandi,expert_synthesis,needs_expert_review,src_nrc_framework,,"{""practice_id"":""prac_eng_iterate"",""level_order"":4,""official_progression"":false}"
prog_prac_eng_tradeoffs_L1,L2,Nivel de progresión,practice_progression_level,ENG-TRADE-L1,Reconocer ventajas y limitaciones,Identifica algo que una solución hace bien y algo que limita.,ENG,,,,erandi,expert_synthesis,needs_expert_review,src_nrc_framework,,"{""practice_id"":""prac_eng_tradeoffs"",""level_order"":1,""official_progression"":false}"
prog_prac_eng_tradeoffs_L2,L2,Nivel de progresión,practice_progression_level,ENG-TRADE-L2,Comparar contra varios criterios,Observa que una alternativa puede ser mejor en un criterio y peor en otro.,ENG,,,,erandi,expert_synthesis,needs_expert_review,src_nrc_framework,,"{""practice_id"":""prac_eng_tradeoffs"",""level_order"":2,""official_progression"":false}"
prog_prac_eng_tradeoffs_L3,L2,Nivel de progresión,practice_progression_level,ENG-TRADE-L3,Justificar una elección,Explica por qué acepta ciertos compromisos según prioridades.,ENG,,,,erandi,expert_synthesis,needs_expert_review,src_nrc_framework,,"{""practice_id"":""prac_eng_tradeoffs"",""level_order"":3,""official_progression"":false}"
prog_prac_eng_tradeoffs_L4,L2,Nivel de progresión,practice_progression_level,ENG-TRADE-L4,Gestionar trade-offs explícitamente,Usa evidencia y prioridades para optimizar entre criterios en tensión.,ENG,,,,erandi,expert_synthesis,needs_expert_review,src_nrc_framework,,"{""practice_id"":""prac_eng_tradeoffs"",""level_order"":4,""official_progression"":false}"
prog_prac_eng_argument_L1,L2,Nivel de progresión,practice_progression_level,ENG-ARG-L1,Expresar decisión,Indica qué solución o cambio prefiere.,ENG,,,,erandi,expert_synthesis,needs_expert_review,src_nrc_framework,,"{""practice_id"":""prac_eng_argument"",""level_order"":1,""official_progression"":false}"
prog_prac_eng_argument_L2,L2,Nivel de progresión,practice_progression_level,ENG-ARG-L2,Justificar con criterios/evidencia,Relaciona su decisión con resultados de prueba o criterios.,ENG,,,,erandi,expert_synthesis,needs_expert_review,src_nrc_framework,,"{""practice_id"":""prac_eng_argument"",""level_order"":2,""official_progression"":false}"
prog_prac_eng_argument_L3,L2,Nivel de progresión,practice_progression_level,ENG-ARG-L3,Comparar alternativas,Contrasta evidencia de distintas soluciones.,ENG,,,,erandi,expert_synthesis,needs_expert_review,src_nrc_framework,,"{""practice_id"":""prac_eng_argument"",""level_order"":3,""official_progression"":false}"
prog_prac_eng_argument_L4,L2,Nivel de progresión,practice_progression_level,ENG-ARG-L4,Defender/revisar decisión,Responde a objeciones y cambia su decisión cuando la evidencia lo amerita.,ENG,,,,erandi,expert_synthesis,needs_expert_review,src_nrc_framework,,"{""practice_id"":""prac_eng_argument"",""level_order"":4,""official_progression"":false}"
prog_prac_eng_communicate_L1,L2,Nivel de progresión,practice_progression_level,ENG-COM-L1,Mostrar la solución,Representa qué construyó y qué intenta lograr.,ENG,,,,erandi,expert_synthesis,needs_expert_review,src_nrc_framework,,"{""practice_id"":""prac_eng_communicate"",""level_order"":1,""official_progression"":false}"
prog_prac_eng_communicate_L2,L2,Nivel de progresión,practice_progression_level,ENG-COM-L2,Explicar decisiones,"Comunica criterios, restricciones y decisiones centrales.",ENG,,,,erandi,expert_synthesis,needs_expert_review,src_nrc_framework,,"{""practice_id"":""prac_eng_communicate"",""level_order"":2,""official_progression"":false}"
prog_prac_eng_communicate_L3,L2,Nivel de progresión,practice_progression_level,ENG-COM-L3,Comunicar evidencia,Integra resultados de pruebas para justificar cambios.,ENG,,,,erandi,expert_synthesis,needs_expert_review,src_nrc_framework,,"{""practice_id"":""prac_eng_communicate"",""level_order"":3,""official_progression"":false}"
prog_prac_eng_communicate_L4,L2,Nivel de progresión,practice_progression_level,ENG-COM-L4,Comunicar proceso y limitaciones,"Explica iteraciones, trade-offs, evidencia y límites de la solución.",ENG,,,,erandi,expert_synthesis,needs_expert_review,src_nrc_framework,,"{""practice_id"":""prac_eng_communicate"",""level_order"":4,""official_progression"":false}"
prog_prac_eng_systems_L1,L2,Nivel de progresión,practice_progression_level,ENG-SYS-L1,Identificar elementos,"Reconoce usuario, solución y componentes básicos del contexto.",ENG,,,,erandi,expert_synthesis,needs_expert_review,src_nrc_framework,,"{""practice_id"":""prac_eng_systems"",""level_order"":1,""official_progression"":false}"
prog_prac_eng_systems_L2,L2,Nivel de progresión,practice_progression_level,ENG-SYS-L2,Conectar impactos,"Describe interacciones entre solución, usuario, materiales y ambiente.",ENG,,,,erandi,expert_synthesis,needs_expert_review,src_nrc_framework,,"{""practice_id"":""prac_eng_systems"",""level_order"":2,""official_progression"":false}"
prog_prac_eng_systems_L3,L2,Nivel de progresión,practice_progression_level,ENG-SYS-L3,Anticipar consecuencias,Predice efectos directos e indirectos de decisiones de diseño.,ENG,,,,erandi,expert_synthesis,needs_expert_review,src_nrc_framework,,"{""practice_id"":""prac_eng_systems"",""level_order"":3,""official_progression"":false}"
prog_prac_eng_systems_L4,L2,Nivel de progresión,practice_progression_level,ENG-SYS-L4,Rediseñar considerando el sistema,Modifica una solución considerando múltiples actores/efectos y tensiones.,ENG,,,,erandi,expert_synthesis,needs_expert_review,src_nrc_framework,,"{""practice_id"":""prac_eng_systems"",""level_order"":4,""official_progression"":false}"
prog_prac_math_make_sense_L1,L2,Nivel de progresión,practice_progression_level,MAT-1-L1,Participar con apoyo,"Participa en la práctica «Dar sentido a problemas y perseverar» con apoyos explícitos, ejemplos o una estructura provista.",MAT,,,,erandi,expert_synthesis,needs_expert_review,src_ccss_math,,"{""practice_id"":""prac_math_make_sense"",""level_order"":1,""official_progression"":false}"
prog_prac_math_make_sense_L2,L2,Nivel de progresión,practice_progression_level,MAT-1-L2,Aplicar con propósito,"Aplica «Dar sentido a problemas y perseverar» en una situación conocida, explicando decisiones básicas y usando representaciones/herramientas pertinentes.",MAT,,,,erandi,expert_synthesis,needs_expert_review,src_ccss_math,,"{""practice_id"":""prac_math_make_sense"",""level_order"":2,""official_progression"":false}"
prog_prac_math_make_sense_L3,L2,Nivel de progresión,practice_progression_level,MAT-1-L3,"Seleccionar, justificar y revisar","Usa «Dar sentido a problemas y perseverar» con mayor autonomía; selecciona estrategias, justifica decisiones y revisa su trabajo frente a criterios, evidencia o retroalimentación.",MAT,,,,erandi,expert_synthesis,needs_expert_review,src_ccss_math,,"{""practice_id"":""prac_math_make_sense"",""level_order"":3,""official_progression"":false}"
prog_prac_math_reason_abstract_L1,L2,Nivel de progresión,practice_progression_level,MAT-2-L1,Participar con apoyo,"Participa en la práctica «Razonar de manera abstracta y cuantitativa» con apoyos explícitos, ejemplos o una estructura provista.",MAT,,,,erandi,expert_synthesis,needs_expert_review,src_ccss_math,,"{""practice_id"":""prac_math_reason_abstract"",""level_order"":1,""official_progression"":false}"
prog_prac_math_reason_abstract_L2,L2,Nivel de progresión,practice_progression_level,MAT-2-L2,Aplicar con propósito,"Aplica «Razonar de manera abstracta y cuantitativa» en una situación conocida, explicando decisiones básicas y usando representaciones/herramientas pertinentes.",MAT,,,,erandi,expert_synthesis,needs_expert_review,src_ccss_math,,"{""practice_id"":""prac_math_reason_abstract"",""level_order"":2,""official_progression"":false}"
prog_prac_math_reason_abstract_L3,L2,Nivel de progresión,practice_progression_level,MAT-2-L3,"Seleccionar, justificar y revisar","Usa «Razonar de manera abstracta y cuantitativa» con mayor autonomía; selecciona estrategias, justifica decisiones y revisa su trabajo frente a criterios, evidencia o retroalimentación.",MAT,,,,erandi,expert_synthesis,needs_expert_review,src_ccss_math,,"{""practice_id"":""prac_math_reason_abstract"",""level_order"":3,""official_progression"":false}"
prog_prac_math_argument_L1,L2,Nivel de progresión,practice_progression_level,MAT-3-L1,Participar con apoyo,"Participa en la práctica «Construir argumentos y criticar razonamientos» con apoyos explícitos, ejemplos o una estructura provista.",MAT,,,,erandi,expert_synthesis,needs_expert_review,src_ccss_math,,"{""practice_id"":""prac_math_argument"",""level_order"":1,""official_progression"":false}"
prog_prac_math_argument_L2,L2,Nivel de progresión,practice_progression_level,MAT-3-L2,Aplicar con propósito,"Aplica «Construir argumentos y criticar razonamientos» en una situación conocida, explicando decisiones básicas y usando representaciones/herramientas pertinentes.",MAT,,,,erandi,expert_synthesis,needs_expert_review,src_ccss_math,,"{""practice_id"":""prac_math_argument"",""level_order"":2,""official_progression"":false}"
prog_prac_math_argument_L3,L2,Nivel de progresión,practice_progression_level,MAT-3-L3,"Seleccionar, justificar y revisar","Usa «Construir argumentos y criticar razonamientos» con mayor autonomía; selecciona estrategias, justifica decisiones y revisa su trabajo frente a criterios, evidencia o retroalimentación.",MAT,,,,erandi,expert_synthesis,needs_expert_review,src_ccss_math,,"{""practice_id"":""prac_math_argument"",""level_order"":3,""official_progression"":false}"
prog_prac_math_model_L1,L2,Nivel de progresión,practice_progression_level,MAT-4-L1,Participar con apoyo,"Participa en la práctica «Modelar con matemática» con apoyos explícitos, ejemplos o una estructura provista.",MAT,,,,erandi,expert_synthesis,needs_expert_review,src_ccss_math,,"{""practice_id"":""prac_math_model"",""level_order"":1,""official_progression"":false}"
prog_prac_math_model_L2,L2,Nivel de progresión,practice_progression_level,MAT-4-L2,Aplicar con propósito,"Aplica «Modelar con matemática» en una situación conocida, explicando decisiones básicas y usando representaciones/herramientas pertinentes.",MAT,,,,erandi,expert_synthesis,needs_expert_review,src_ccss_math,,"{""practice_id"":""prac_math_model"",""level_order"":2,""official_progression"":false}"
prog_prac_math_model_L3,L2,Nivel de progresión,practice_progression_level,MAT-4-L3,"Seleccionar, justificar y revisar","Usa «Modelar con matemática» con mayor autonomía; selecciona estrategias, justifica decisiones y revisa su trabajo frente a criterios, evidencia o retroalimentación.",MAT,,,,erandi,expert_synthesis,needs_expert_review,src_ccss_math,,"{""practice_id"":""prac_math_model"",""level_order"":3,""official_progression"":false}"
prog_prac_math_tools_L1,L2,Nivel de progresión,practice_progression_level,MAT-5-L1,Participar con apoyo,"Participa en la práctica «Usar herramientas estratégicamente» con apoyos explícitos, ejemplos o una estructura provista.",MAT,,,,erandi,expert_synthesis,needs_expert_review,src_ccss_math,,"{""practice_id"":""prac_math_tools"",""level_order"":1,""official_progression"":false}"
prog_prac_math_tools_L2,L2,Nivel de progresión,practice_progression_level,MAT-5-L2,Aplicar con propósito,"Aplica «Usar herramientas estratégicamente» en una situación conocida, explicando decisiones básicas y usando representaciones/herramientas pertinentes.",MAT,,,,erandi,expert_synthesis,needs_expert_review,src_ccss_math,,"{""practice_id"":""prac_math_tools"",""level_order"":2,""official_progression"":false}"
prog_prac_math_tools_L3,L2,Nivel de progresión,practice_progression_level,MAT-5-L3,"Seleccionar, justificar y revisar","Usa «Usar herramientas estratégicamente» con mayor autonomía; selecciona estrategias, justifica decisiones y revisa su trabajo frente a criterios, evidencia o retroalimentación.",MAT,,,,erandi,expert_synthesis,needs_expert_review,src_ccss_math,,"{""practice_id"":""prac_math_tools"",""level_order"":3,""official_progression"":false}"
prog_prac_math_precision_L1,L2,Nivel de progresión,practice_progression_level,MAT-6-L1,Participar con apoyo,"Participa en la práctica «Atender a la precisión» con apoyos explícitos, ejemplos o una estructura provista.",MAT,,,,erandi,expert_synthesis,needs_expert_review,src_ccss_math,,"{""practice_id"":""prac_math_precision"",""level_order"":1,""official_progression"":false}"
prog_prac_math_precision_L2,L2,Nivel de progresión,practice_progression_level,MAT-6-L2,Aplicar con propósito,"Aplica «Atender a la precisión» en una situación conocida, explicando decisiones básicas y usando representaciones/herramientas pertinentes.",MAT,,,,erandi,expert_synthesis,needs_expert_review,src_ccss_math,,"{""practice_id"":""prac_math_precision"",""level_order"":2,""official_progression"":false}"
prog_prac_math_precision_L3,L2,Nivel de progresión,practice_progression_level,MAT-6-L3,"Seleccionar, justificar y revisar","Usa «Atender a la precisión» con mayor autonomía; selecciona estrategias, justifica decisiones y revisa su trabajo frente a criterios, evidencia o retroalimentación.",MAT,,,,erandi,expert_synthesis,needs_expert_review,src_ccss_math,,"{""practice_id"":""prac_math_precision"",""level_order"":3,""official_progression"":false}"
prog_prac_math_structure_L1,L2,Nivel de progresión,practice_progression_level,MAT-7-L1,Participar con apoyo,"Participa en la práctica «Buscar y usar estructura» con apoyos explícitos, ejemplos o una estructura provista.",MAT,,,,erandi,expert_synthesis,needs_expert_review,src_ccss_math,,"{""practice_id"":""prac_math_structure"",""level_order"":1,""official_progression"":false}"
prog_prac_math_structure_L2,L2,Nivel de progresión,practice_progression_level,MAT-7-L2,Aplicar con propósito,"Aplica «Buscar y usar estructura» en una situación conocida, explicando decisiones básicas y usando representaciones/herramientas pertinentes.",MAT,,,,erandi,expert_synthesis,needs_expert_review,src_ccss_math,,"{""practice_id"":""prac_math_structure"",""level_order"":2,""official_progression"":false}"
prog_prac_math_structure_L3,L2,Nivel de progresión,practice_progression_level,MAT-7-L3,"Seleccionar, justificar y revisar","Usa «Buscar y usar estructura» con mayor autonomía; selecciona estrategias, justifica decisiones y revisa su trabajo frente a criterios, evidencia o retroalimentación.",MAT,,,,erandi,expert_synthesis,needs_expert_review,src_ccss_math,,"{""practice_id"":""prac_math_structure"",""level_order"":3,""official_progression"":false}"
prog_prac_math_regularity_L1,L2,Nivel de progresión,practice_progression_level,MAT-8-L1,Participar con apoyo,"Participa en la práctica «Buscar regularidad en razonamientos repetidos» con apoyos explícitos, ejemplos o una estructura provista.",MAT,,,,erandi,expert_synthesis,needs_expert_review,src_ccss_math,,"{""practice_id"":""prac_math_regularity"",""level_order"":1,""official_progression"":false}"
prog_prac_math_regularity_L2,L2,Nivel de progresión,practice_progression_level,MAT-8-L2,Aplicar con propósito,"Aplica «Buscar regularidad en razonamientos repetidos» en una situación conocida, explicando decisiones básicas y usando representaciones/herramientas pertinentes.",MAT,,,,erandi,expert_synthesis,needs_expert_review,src_ccss_math,,"{""practice_id"":""prac_math_regularity"",""level_order"":2,""official_progression"":false}"
prog_prac_math_regularity_L3,L2,Nivel de progresión,practice_progression_level,MAT-8-L3,"Seleccionar, justificar y revisar","Usa «Buscar regularidad en razonamientos repetidos» con mayor autonomía; selecciona estrategias, justifica decisiones y revisa su trabajo frente a criterios, evidencia o retroalimentación.",MAT,,,,erandi,expert_synthesis,needs_expert_review,src_ccss_math,,"{""practice_id"":""prac_math_regularity"",""level_order"":3,""official_progression"":false}"
prog_prac_cs_positive_impact_L1,L2,Nivel de progresión,practice_progression_level,TEC-1-L1,Participar con apoyo,"Participa en la práctica «Usar la computación para un impacto social positivo» con apoyos explícitos, ejemplos o una estructura provista.",TEC,,,,erandi,expert_synthesis,needs_expert_review,src_csta_2026,,"{""practice_id"":""prac_cs_positive_impact"",""level_order"":1,""official_progression"":false}"
prog_prac_cs_positive_impact_L2,L2,Nivel de progresión,practice_progression_level,TEC-1-L2,Aplicar con propósito,"Aplica «Usar la computación para un impacto social positivo» en una situación conocida, explicando decisiones básicas y usando representaciones/herramientas pertinentes.",TEC,,,,erandi,expert_synthesis,needs_expert_review,src_csta_2026,,"{""practice_id"":""prac_cs_positive_impact"",""level_order"":2,""official_progression"":false}"
prog_prac_cs_positive_impact_L3,L2,Nivel de progresión,practice_progression_level,TEC-1-L3,"Seleccionar, justificar y revisar","Usa «Usar la computación para un impacto social positivo» con mayor autonomía; selecciona estrategias, justifica decisiones y revisa su trabajo frente a criterios, evidencia o retroalimentación.",TEC,,,,erandi,expert_synthesis,needs_expert_review,src_csta_2026,,"{""practice_id"":""prac_cs_positive_impact"",""level_order"":3,""official_progression"":false}"
prog_prac_cs_rights_dignity_L1,L2,Nivel de progresión,practice_progression_level,TEC-2-L1,Participar con apoyo,"Participa en la práctica «Respetar derechos, privacidad y dignidad» con apoyos explícitos, ejemplos o una estructura provista.",TEC,,,,erandi,expert_synthesis,needs_expert_review,src_csta_2026,,"{""practice_id"":""prac_cs_rights_dignity"",""level_order"":1,""official_progression"":false}"
prog_prac_cs_rights_dignity_L2,L2,Nivel de progresión,practice_progression_level,TEC-2-L2,Aplicar con propósito,"Aplica «Respetar derechos, privacidad y dignidad» en una situación conocida, explicando decisiones básicas y usando representaciones/herramientas pertinentes.",TEC,,,,erandi,expert_synthesis,needs_expert_review,src_csta_2026,,"{""practice_id"":""prac_cs_rights_dignity"",""level_order"":2,""official_progression"":false}"
prog_prac_cs_rights_dignity_L3,L2,Nivel de progresión,practice_progression_level,TEC-2-L3,"Seleccionar, justificar y revisar","Usa «Respetar derechos, privacidad y dignidad» con mayor autonomía; selecciona estrategias, justifica decisiones y revisa su trabajo frente a criterios, evidencia o retroalimentación.",TEC,,,,erandi,expert_synthesis,needs_expert_review,src_csta_2026,,"{""practice_id"":""prac_cs_rights_dignity"",""level_order"":3,""official_progression"":false}"
prog_prac_cs_communicate_L1,L2,Nivel de progresión,practice_progression_level,TEC-3-L1,Participar con apoyo,"Participa en la práctica «Comunicar eficazmente sobre computación» con apoyos explícitos, ejemplos o una estructura provista.",TEC,,,,erandi,expert_synthesis,needs_expert_review,src_csta_2026,,"{""practice_id"":""prac_cs_communicate"",""level_order"":1,""official_progression"":false}"
prog_prac_cs_communicate_L2,L2,Nivel de progresión,practice_progression_level,TEC-3-L2,Aplicar con propósito,"Aplica «Comunicar eficazmente sobre computación» en una situación conocida, explicando decisiones básicas y usando representaciones/herramientas pertinentes.",TEC,,,,erandi,expert_synthesis,needs_expert_review,src_csta_2026,,"{""practice_id"":""prac_cs_communicate"",""level_order"":2,""official_progression"":false}"
prog_prac_cs_communicate_L3,L2,Nivel de progresión,practice_progression_level,TEC-3-L3,"Seleccionar, justificar y revisar","Usa «Comunicar eficazmente sobre computación» con mayor autonomía; selecciona estrategias, justifica decisiones y revisa su trabajo frente a criterios, evidencia o retroalimentación.",TEC,,,,erandi,expert_synthesis,needs_expert_review,src_csta_2026,,"{""practice_id"":""prac_cs_communicate"",""level_order"":3,""official_progression"":false}"
prog_prac_cs_manage_L1,L2,Nivel de progresión,practice_progression_level,TEC-4-L1,Participar con apoyo,"Participa en la práctica «Gestionar proyectos computacionales» con apoyos explícitos, ejemplos o una estructura provista.",TEC,,,,erandi,expert_synthesis,needs_expert_review,src_csta_2026,,"{""practice_id"":""prac_cs_manage"",""level_order"":1,""official_progression"":false}"
prog_prac_cs_manage_L2,L2,Nivel de progresión,practice_progression_level,TEC-4-L2,Aplicar con propósito,"Aplica «Gestionar proyectos computacionales» en una situación conocida, explicando decisiones básicas y usando representaciones/herramientas pertinentes.",TEC,,,,erandi,expert_synthesis,needs_expert_review,src_csta_2026,,"{""practice_id"":""prac_cs_manage"",""level_order"":2,""official_progression"":false}"
prog_prac_cs_manage_L3,L2,Nivel de progresión,practice_progression_level,TEC-4-L3,"Seleccionar, justificar y revisar","Usa «Gestionar proyectos computacionales» con mayor autonomía; selecciona estrategias, justifica decisiones y revisa su trabajo frente a criterios, evidencia o retroalimentación.",TEC,,,,erandi,expert_synthesis,needs_expert_review,src_csta_2026,,"{""practice_id"":""prac_cs_manage"",""level_order"":3,""official_progression"":false}"
prog_prac_cs_collaborate_L1,L2,Nivel de progresión,practice_progression_level,TEC-5-L1,Participar con apoyo,"Participa en la práctica «Participar responsablemente en colaboraciones computacionales» con apoyos explícitos, ejemplos o una estructura provista.",TEC,,,,erandi,expert_synthesis,needs_expert_review,src_csta_2026,,"{""practice_id"":""prac_cs_collaborate"",""level_order"":1,""official_progression"":false}"
prog_prac_cs_collaborate_L2,L2,Nivel de progresión,practice_progression_level,TEC-5-L2,Aplicar con propósito,"Aplica «Participar responsablemente en colaboraciones computacionales» en una situación conocida, explicando decisiones básicas y usando representaciones/herramientas pertinentes.",TEC,,,,erandi,expert_synthesis,needs_expert_review,src_csta_2026,,"{""practice_id"":""prac_cs_collaborate"",""level_order"":2,""official_progression"":false}"
prog_prac_cs_collaborate_L3,L2,Nivel de progresión,practice_progression_level,TEC-5-L3,"Seleccionar, justificar y revisar","Usa «Participar responsablemente en colaboraciones computacionales» con mayor autonomía; selecciona estrategias, justifica decisiones y revisa su trabajo frente a criterios, evidencia o retroalimentación.",TEC,,,,erandi,expert_synthesis,needs_expert_review,src_csta_2026,,"{""practice_id"":""prac_cs_collaborate"",""level_order"":3,""official_progression"":false}"
prog_prac_cs_define_problem_L1,L2,Nivel de progresión,practice_progression_level,TEC-6-L1,Participar con apoyo,"Participa en la práctica «Reconocer y definir problemas computacionales» con apoyos explícitos, ejemplos o una estructura provista.",TEC,,,,erandi,expert_synthesis,needs_expert_review,src_csta_2026,,"{""practice_id"":""prac_cs_define_problem"",""level_order"":1,""official_progression"":false}"
prog_prac_cs_define_problem_L2,L2,Nivel de progresión,practice_progression_level,TEC-6-L2,Aplicar con propósito,"Aplica «Reconocer y definir problemas computacionales» en una situación conocida, explicando decisiones básicas y usando representaciones/herramientas pertinentes.",TEC,,,,erandi,expert_synthesis,needs_expert_review,src_csta_2026,,"{""practice_id"":""prac_cs_define_problem"",""level_order"":2,""official_progression"":false}"
prog_prac_cs_define_problem_L3,L2,Nivel de progresión,practice_progression_level,TEC-6-L3,"Seleccionar, justificar y revisar","Usa «Reconocer y definir problemas computacionales» con mayor autonomía; selecciona estrategias, justifica decisiones y revisa su trabajo frente a criterios, evidencia o retroalimentación.",TEC,,,,erandi,expert_synthesis,needs_expert_review,src_csta_2026,,"{""practice_id"":""prac_cs_define_problem"",""level_order"":3,""official_progression"":false}"
prog_prac_cs_abstraction_L1,L2,Nivel de progresión,practice_progression_level,TEC-7-L1,Participar con apoyo,"Participa en la práctica «Desarrollar y usar abstracciones» con apoyos explícitos, ejemplos o una estructura provista.",TEC,,,,erandi,expert_synthesis,needs_expert_review,src_csta_2026,,"{""practice_id"":""prac_cs_abstraction"",""level_order"":1,""official_progression"":false}"
prog_prac_cs_abstraction_L2,L2,Nivel de progresión,practice_progression_level,TEC-7-L2,Aplicar con propósito,"Aplica «Desarrollar y usar abstracciones» en una situación conocida, explicando decisiones básicas y usando representaciones/herramientas pertinentes.",TEC,,,,erandi,expert_synthesis,needs_expert_review,src_csta_2026,,"{""practice_id"":""prac_cs_abstraction"",""level_order"":2,""official_progression"":false}"
prog_prac_cs_abstraction_L3,L2,Nivel de progresión,practice_progression_level,TEC-7-L3,"Seleccionar, justificar y revisar","Usa «Desarrollar y usar abstracciones» con mayor autonomía; selecciona estrategias, justifica decisiones y revisa su trabajo frente a criterios, evidencia o retroalimentación.",TEC,,,,erandi,expert_synthesis,needs_expert_review,src_csta_2026,,"{""practice_id"":""prac_cs_abstraction"",""level_order"":3,""official_progression"":false}"
prog_prac_cs_create_L1,L2,Nivel de progresión,practice_progression_level,TEC-8-L1,Participar con apoyo,"Participa en la práctica «Crear productos computacionales» con apoyos explícitos, ejemplos o una estructura provista.",TEC,,,,erandi,expert_synthesis,needs_expert_review,src_csta_2026,,"{""practice_id"":""prac_cs_create"",""level_order"":1,""official_progression"":false}"
prog_prac_cs_create_L2,L2,Nivel de progresión,practice_progression_level,TEC-8-L2,Aplicar con propósito,"Aplica «Crear productos computacionales» en una situación conocida, explicando decisiones básicas y usando representaciones/herramientas pertinentes.",TEC,,,,erandi,expert_synthesis,needs_expert_review,src_csta_2026,,"{""practice_id"":""prac_cs_create"",""level_order"":2,""official_progression"":false}"
prog_prac_cs_create_L3,L2,Nivel de progresión,practice_progression_level,TEC-8-L3,"Seleccionar, justificar y revisar","Usa «Crear productos computacionales» con mayor autonomía; selecciona estrategias, justifica decisiones y revisa su trabajo frente a criterios, evidencia o retroalimentación.",TEC,,,,erandi,expert_synthesis,needs_expert_review,src_csta_2026,,"{""practice_id"":""prac_cs_create"",""level_order"":3,""official_progression"":false}"
prog_prac_cs_test_refine_L1,L2,Nivel de progresión,practice_progression_level,TEC-9-L1,Participar con apoyo,"Participa en la práctica «Probar y refinar productos computacionales» con apoyos explícitos, ejemplos o una estructura provista.",TEC,,,,erandi,expert_synthesis,needs_expert_review,src_csta_2026,,"{""practice_id"":""prac_cs_test_refine"",""level_order"":1,""official_progression"":false}"
prog_prac_cs_test_refine_L2,L2,Nivel de progresión,practice_progression_level,TEC-9-L2,Aplicar con propósito,"Aplica «Probar y refinar productos computacionales» en una situación conocida, explicando decisiones básicas y usando representaciones/herramientas pertinentes.",TEC,,,,erandi,expert_synthesis,needs_expert_review,src_csta_2026,,"{""practice_id"":""prac_cs_test_refine"",""level_order"":2,""official_progression"":false}"
prog_prac_cs_test_refine_L3,L2,Nivel de progresión,practice_progression_level,TEC-9-L3,"Seleccionar, justificar y revisar","Usa «Probar y refinar productos computacionales» con mayor autonomía; selecciona estrategias, justifica decisiones y revisa su trabajo frente a criterios, evidencia o retroalimentación.",TEC,,,,erandi,expert_synthesis,needs_expert_review,src_csta_2026,,"{""practice_id"":""prac_cs_test_refine"",""level_order"":3,""official_progression"":false}"
prog_prac_cs_users_L1,L2,Nivel de progresión,practice_progression_level,TEC-10-L1,Participar con apoyo,"Participa en la práctica «Comprender e involucrar a usuarios diversos» con apoyos explícitos, ejemplos o una estructura provista.",TEC,,,,erandi,expert_synthesis,needs_expert_review,src_csta_2026,,"{""practice_id"":""prac_cs_users"",""level_order"":1,""official_progression"":false}"
prog_prac_cs_users_L2,L2,Nivel de progresión,practice_progression_level,TEC-10-L2,Aplicar con propósito,"Aplica «Comprender e involucrar a usuarios diversos» en una situación conocida, explicando decisiones básicas y usando representaciones/herramientas pertinentes.",TEC,,,,erandi,expert_synthesis,needs_expert_review,src_csta_2026,,"{""practice_id"":""prac_cs_users"",""level_order"":2,""official_progression"":false}"
prog_prac_cs_users_L3,L2,Nivel de progresión,practice_progression_level,TEC-10-L3,"Seleccionar, justificar y revisar","Usa «Comprender e involucrar a usuarios diversos» con mayor autonomía; selecciona estrategias, justifica decisiones y revisa su trabajo frente a criterios, evidencia o retroalimentación.",TEC,,,,erandi,expert_synthesis,needs_expert_review,src_csta_2026,,"{""practice_id"":""prac_cs_users"",""level_order"":3,""official_progression"":false}"
prog_prac_cs_iterative_design_L1,L2,Nivel de progresión,practice_progression_level,TEC-11-L1,Participar con apoyo,"Participa en la práctica «Aplicar procesos iterativos de diseño» con apoyos explícitos, ejemplos o una estructura provista.",TEC,,,,erandi,expert_synthesis,needs_expert_review,src_csta_2026,,"{""practice_id"":""prac_cs_iterative_design"",""level_order"":1,""official_progression"":false}"
prog_prac_cs_iterative_design_L2,L2,Nivel de progresión,practice_progression_level,TEC-11-L2,Aplicar con propósito,"Aplica «Aplicar procesos iterativos de diseño» en una situación conocida, explicando decisiones básicas y usando representaciones/herramientas pertinentes.",TEC,,,,erandi,expert_synthesis,needs_expert_review,src_csta_2026,,"{""practice_id"":""prac_cs_iterative_design"",""level_order"":2,""official_progression"":false}"
prog_prac_cs_iterative_design_L3,L2,Nivel de progresión,practice_progression_level,TEC-11-L3,"Seleccionar, justificar y revisar","Usa «Aplicar procesos iterativos de diseño» con mayor autonomía; selecciona estrategias, justifica decisiones y revisa su trabajo frente a criterios, evidencia o retroalimentación.",TEC,,,,erandi,expert_synthesis,needs_expert_review,src_csta_2026,,"{""practice_id"":""prac_cs_iterative_design"",""level_order"":3,""official_progression"":false}"
prog_prac_cs_empower_L1,L2,Nivel de progresión,practice_progression_level,TEC-12-L1,Participar con apoyo,"Participa en la práctica «Crear tecnologías que empoderen e informen» con apoyos explícitos, ejemplos o una estructura provista.",TEC,,,,erandi,expert_synthesis,needs_expert_review,src_csta_2026,,"{""practice_id"":""prac_cs_empower"",""level_order"":1,""official_progression"":false}"
prog_prac_cs_empower_L2,L2,Nivel de progresión,practice_progression_level,TEC-12-L2,Aplicar con propósito,"Aplica «Crear tecnologías que empoderen e informen» en una situación conocida, explicando decisiones básicas y usando representaciones/herramientas pertinentes.",TEC,,,,erandi,expert_synthesis,needs_expert_review,src_csta_2026,,"{""practice_id"":""prac_cs_empower"",""level_order"":2,""official_progression"":false}"
prog_prac_cs_empower_L3,L2,Nivel de progresión,practice_progression_level,TEC-12-L3,"Seleccionar, justificar y revisar","Usa «Crear tecnologías que empoderen e informen» con mayor autonomía; selecciona estrategias, justifica decisiones y revisa su trabajo frente a criterios, evidencia o retroalimentación.",TEC,,,,erandi,expert_synthesis,needs_expert_review,src_csta_2026,,"{""practice_id"":""prac_cs_empower"",""level_order"":3,""official_progression"":false}"
prog_prac_art_generate_L1,L2,Nivel de progresión,practice_progression_level,ART-1-L1,Participar con apoyo,"Participa en la práctica «Generar y conceptualizar ideas artísticas» con apoyos explícitos, ejemplos o una estructura provista.",ART,,,,erandi,expert_synthesis,needs_expert_review,src_ncas,,"{""practice_id"":""prac_art_generate"",""level_order"":1,""official_progression"":false}"
prog_prac_art_generate_L2,L2,Nivel de progresión,practice_progression_level,ART-1-L2,Aplicar con propósito,"Aplica «Generar y conceptualizar ideas artísticas» en una situación conocida, explicando decisiones básicas y usando representaciones/herramientas pertinentes.",ART,,,,erandi,expert_synthesis,needs_expert_review,src_ncas,,"{""practice_id"":""prac_art_generate"",""level_order"":2,""official_progression"":false}"
prog_prac_art_generate_L3,L2,Nivel de progresión,practice_progression_level,ART-1-L3,"Seleccionar, justificar y revisar","Usa «Generar y conceptualizar ideas artísticas» con mayor autonomía; selecciona estrategias, justifica decisiones y revisa su trabajo frente a criterios, evidencia o retroalimentación.",ART,,,,erandi,expert_synthesis,needs_expert_review,src_ncas,,"{""practice_id"":""prac_art_generate"",""level_order"":3,""official_progression"":false}"
prog_prac_art_develop_L1,L2,Nivel de progresión,practice_progression_level,ART-2-L1,Participar con apoyo,"Participa en la práctica «Organizar y desarrollar ideas y trabajo» con apoyos explícitos, ejemplos o una estructura provista.",ART,,,,erandi,expert_synthesis,needs_expert_review,src_ncas,,"{""practice_id"":""prac_art_develop"",""level_order"":1,""official_progression"":false}"
prog_prac_art_develop_L2,L2,Nivel de progresión,practice_progression_level,ART-2-L2,Aplicar con propósito,"Aplica «Organizar y desarrollar ideas y trabajo» en una situación conocida, explicando decisiones básicas y usando representaciones/herramientas pertinentes.",ART,,,,erandi,expert_synthesis,needs_expert_review,src_ncas,,"{""practice_id"":""prac_art_develop"",""level_order"":2,""official_progression"":false}"
prog_prac_art_develop_L3,L2,Nivel de progresión,practice_progression_level,ART-2-L3,"Seleccionar, justificar y revisar","Usa «Organizar y desarrollar ideas y trabajo» con mayor autonomía; selecciona estrategias, justifica decisiones y revisa su trabajo frente a criterios, evidencia o retroalimentación.",ART,,,,erandi,expert_synthesis,needs_expert_review,src_ncas,,"{""practice_id"":""prac_art_develop"",""level_order"":3,""official_progression"":false}"
prog_prac_art_refine_L1,L2,Nivel de progresión,practice_progression_level,ART-3-L1,Participar con apoyo,"Participa en la práctica «Refinar y completar trabajo» con apoyos explícitos, ejemplos o una estructura provista.",ART,,,,erandi,expert_synthesis,needs_expert_review,src_ncas,,"{""practice_id"":""prac_art_refine"",""level_order"":1,""official_progression"":false}"
prog_prac_art_refine_L2,L2,Nivel de progresión,practice_progression_level,ART-3-L2,Aplicar con propósito,"Aplica «Refinar y completar trabajo» en una situación conocida, explicando decisiones básicas y usando representaciones/herramientas pertinentes.",ART,,,,erandi,expert_synthesis,needs_expert_review,src_ncas,,"{""practice_id"":""prac_art_refine"",""level_order"":2,""official_progression"":false}"
prog_prac_art_refine_L3,L2,Nivel de progresión,practice_progression_level,ART-3-L3,"Seleccionar, justificar y revisar","Usa «Refinar y completar trabajo» con mayor autonomía; selecciona estrategias, justifica decisiones y revisa su trabajo frente a criterios, evidencia o retroalimentación.",ART,,,,erandi,expert_synthesis,needs_expert_review,src_ncas,,"{""practice_id"":""prac_art_refine"",""level_order"":3,""official_progression"":false}"
prog_prac_art_select_present_L1,L2,Nivel de progresión,practice_progression_level,ART-4-L1,Participar con apoyo,"Participa en la práctica «Seleccionar trabajo para presentar» con apoyos explícitos, ejemplos o una estructura provista.",ART,,,,erandi,expert_synthesis,needs_expert_review,src_ncas,,"{""practice_id"":""prac_art_select_present"",""level_order"":1,""official_progression"":false}"
prog_prac_art_select_present_L2,L2,Nivel de progresión,practice_progression_level,ART-4-L2,Aplicar con propósito,"Aplica «Seleccionar trabajo para presentar» en una situación conocida, explicando decisiones básicas y usando representaciones/herramientas pertinentes.",ART,,,,erandi,expert_synthesis,needs_expert_review,src_ncas,,"{""practice_id"":""prac_art_select_present"",""level_order"":2,""official_progression"":false}"
prog_prac_art_select_present_L3,L2,Nivel de progresión,practice_progression_level,ART-4-L3,"Seleccionar, justificar y revisar","Usa «Seleccionar trabajo para presentar» con mayor autonomía; selecciona estrategias, justifica decisiones y revisa su trabajo frente a criterios, evidencia o retroalimentación.",ART,,,,erandi,expert_synthesis,needs_expert_review,src_ncas,,"{""practice_id"":""prac_art_select_present"",""level_order"":3,""official_progression"":false}"
prog_prac_art_prepare_present_L1,L2,Nivel de progresión,practice_progression_level,ART-5-L1,Participar con apoyo,"Participa en la práctica «Desarrollar y refinar para presentación» con apoyos explícitos, ejemplos o una estructura provista.",ART,,,,erandi,expert_synthesis,needs_expert_review,src_ncas,,"{""practice_id"":""prac_art_prepare_present"",""level_order"":1,""official_progression"":false}"
prog_prac_art_prepare_present_L2,L2,Nivel de progresión,practice_progression_level,ART-5-L2,Aplicar con propósito,"Aplica «Desarrollar y refinar para presentación» en una situación conocida, explicando decisiones básicas y usando representaciones/herramientas pertinentes.",ART,,,,erandi,expert_synthesis,needs_expert_review,src_ncas,,"{""practice_id"":""prac_art_prepare_present"",""level_order"":2,""official_progression"":false}"
prog_prac_art_prepare_present_L3,L2,Nivel de progresión,practice_progression_level,ART-5-L3,"Seleccionar, justificar y revisar","Usa «Desarrollar y refinar para presentación» con mayor autonomía; selecciona estrategias, justifica decisiones y revisa su trabajo frente a criterios, evidencia o retroalimentación.",ART,,,,erandi,expert_synthesis,needs_expert_review,src_ncas,,"{""practice_id"":""prac_art_prepare_present"",""level_order"":3,""official_progression"":false}"
prog_prac_art_convey_L1,L2,Nivel de progresión,practice_progression_level,ART-6-L1,Participar con apoyo,"Participa en la práctica «Transmitir significado mediante la presentación» con apoyos explícitos, ejemplos o una estructura provista.",ART,,,,erandi,expert_synthesis,needs_expert_review,src_ncas,,"{""practice_id"":""prac_art_convey"",""level_order"":1,""official_progression"":false}"
prog_prac_art_convey_L2,L2,Nivel de progresión,practice_progression_level,ART-6-L2,Aplicar con propósito,"Aplica «Transmitir significado mediante la presentación» en una situación conocida, explicando decisiones básicas y usando representaciones/herramientas pertinentes.",ART,,,,erandi,expert_synthesis,needs_expert_review,src_ncas,,"{""practice_id"":""prac_art_convey"",""level_order"":2,""official_progression"":false}"
prog_prac_art_convey_L3,L2,Nivel de progresión,practice_progression_level,ART-6-L3,"Seleccionar, justificar y revisar","Usa «Transmitir significado mediante la presentación» con mayor autonomía; selecciona estrategias, justifica decisiones y revisa su trabajo frente a criterios, evidencia o retroalimentación.",ART,,,,erandi,expert_synthesis,needs_expert_review,src_ncas,,"{""practice_id"":""prac_art_convey"",""level_order"":3,""official_progression"":false}"
prog_prac_art_perceive_L1,L2,Nivel de progresión,practice_progression_level,ART-7-L1,Participar con apoyo,"Participa en la práctica «Percibir y analizar trabajo artístico» con apoyos explícitos, ejemplos o una estructura provista.",ART,,,,erandi,expert_synthesis,needs_expert_review,src_ncas,,"{""practice_id"":""prac_art_perceive"",""level_order"":1,""official_progression"":false}"
prog_prac_art_perceive_L2,L2,Nivel de progresión,practice_progression_level,ART-7-L2,Aplicar con propósito,"Aplica «Percibir y analizar trabajo artístico» en una situación conocida, explicando decisiones básicas y usando representaciones/herramientas pertinentes.",ART,,,,erandi,expert_synthesis,needs_expert_review,src_ncas,,"{""practice_id"":""prac_art_perceive"",""level_order"":2,""official_progression"":false}"
prog_prac_art_perceive_L3,L2,Nivel de progresión,practice_progression_level,ART-7-L3,"Seleccionar, justificar y revisar","Usa «Percibir y analizar trabajo artístico» con mayor autonomía; selecciona estrategias, justifica decisiones y revisa su trabajo frente a criterios, evidencia o retroalimentación.",ART,,,,erandi,expert_synthesis,needs_expert_review,src_ncas,,"{""practice_id"":""prac_art_perceive"",""level_order"":3,""official_progression"":false}"
prog_prac_art_interpret_L1,L2,Nivel de progresión,practice_progression_level,ART-8-L1,Participar con apoyo,"Participa en la práctica «Interpretar intención y significado» con apoyos explícitos, ejemplos o una estructura provista.",ART,,,,erandi,expert_synthesis,needs_expert_review,src_ncas,,"{""practice_id"":""prac_art_interpret"",""level_order"":1,""official_progression"":false}"
prog_prac_art_interpret_L2,L2,Nivel de progresión,practice_progression_level,ART-8-L2,Aplicar con propósito,"Aplica «Interpretar intención y significado» en una situación conocida, explicando decisiones básicas y usando representaciones/herramientas pertinentes.",ART,,,,erandi,expert_synthesis,needs_expert_review,src_ncas,,"{""practice_id"":""prac_art_interpret"",""level_order"":2,""official_progression"":false}"
prog_prac_art_interpret_L3,L2,Nivel de progresión,practice_progression_level,ART-8-L3,"Seleccionar, justificar y revisar","Usa «Interpretar intención y significado» con mayor autonomía; selecciona estrategias, justifica decisiones y revisa su trabajo frente a criterios, evidencia o retroalimentación.",ART,,,,erandi,expert_synthesis,needs_expert_review,src_ncas,,"{""practice_id"":""prac_art_interpret"",""level_order"":3,""official_progression"":false}"
prog_prac_art_evaluate_L1,L2,Nivel de progresión,practice_progression_level,ART-9-L1,Participar con apoyo,"Participa en la práctica «Aplicar criterios para evaluar» con apoyos explícitos, ejemplos o una estructura provista.",ART,,,,erandi,expert_synthesis,needs_expert_review,src_ncas,,"{""practice_id"":""prac_art_evaluate"",""level_order"":1,""official_progression"":false}"
prog_prac_art_evaluate_L2,L2,Nivel de progresión,practice_progression_level,ART-9-L2,Aplicar con propósito,"Aplica «Aplicar criterios para evaluar» en una situación conocida, explicando decisiones básicas y usando representaciones/herramientas pertinentes.",ART,,,,erandi,expert_synthesis,needs_expert_review,src_ncas,,"{""practice_id"":""prac_art_evaluate"",""level_order"":2,""official_progression"":false}"
prog_prac_art_evaluate_L3,L2,Nivel de progresión,practice_progression_level,ART-9-L3,"Seleccionar, justificar y revisar","Usa «Aplicar criterios para evaluar» con mayor autonomía; selecciona estrategias, justifica decisiones y revisa su trabajo frente a criterios, evidencia o retroalimentación.",ART,,,,erandi,expert_synthesis,needs_expert_review,src_ncas,,"{""practice_id"":""prac_art_evaluate"",""level_order"":3,""official_progression"":false}"
prog_prac_art_connect_personal_L1,L2,Nivel de progresión,practice_progression_level,ART-10-L1,Participar con apoyo,"Participa en la práctica «Conectar conocimiento y experiencias personales» con apoyos explícitos, ejemplos o una estructura provista.",ART,,,,erandi,expert_synthesis,needs_expert_review,src_ncas,,"{""practice_id"":""prac_art_connect_personal"",""level_order"":1,""official_progression"":false}"
prog_prac_art_connect_personal_L2,L2,Nivel de progresión,practice_progression_level,ART-10-L2,Aplicar con propósito,"Aplica «Conectar conocimiento y experiencias personales» en una situación conocida, explicando decisiones básicas y usando representaciones/herramientas pertinentes.",ART,,,,erandi,expert_synthesis,needs_expert_review,src_ncas,,"{""practice_id"":""prac_art_connect_personal"",""level_order"":2,""official_progression"":false}"
prog_prac_art_connect_personal_L3,L2,Nivel de progresión,practice_progression_level,ART-10-L3,"Seleccionar, justificar y revisar","Usa «Conectar conocimiento y experiencias personales» con mayor autonomía; selecciona estrategias, justifica decisiones y revisa su trabajo frente a criterios, evidencia o retroalimentación.",ART,,,,erandi,expert_synthesis,needs_expert_review,src_ncas,,"{""practice_id"":""prac_art_connect_personal"",""level_order"":3,""official_progression"":false}"
prog_prac_art_connect_context_L1,L2,Nivel de progresión,practice_progression_level,ART-11-L1,Participar con apoyo,"Participa en la práctica «Conectar arte con contextos sociales, culturales e históricos» con apoyos explícitos, ejemplos o una estructura provista.",ART,,,,erandi,expert_synthesis,needs_expert_review,src_ncas,,"{""practice_id"":""prac_art_connect_context"",""level_order"":1,""official_progression"":false}"
prog_prac_art_connect_context_L2,L2,Nivel de progresión,practice_progression_level,ART-11-L2,Aplicar con propósito,"Aplica «Conectar arte con contextos sociales, culturales e históricos» en una situación conocida, explicando decisiones básicas y usando representaciones/herramientas pertinentes.",ART,,,,erandi,expert_synthesis,needs_expert_review,src_ncas,,"{""practice_id"":""prac_art_connect_context"",""level_order"":2,""official_progression"":false}"
prog_prac_art_connect_context_L3,L2,Nivel de progresión,practice_progression_level,ART-11-L3,"Seleccionar, justificar y revisar","Usa «Conectar arte con contextos sociales, culturales e históricos» con mayor autonomía; selecciona estrategias, justifica decisiones y revisa su trabajo frente a criterios, evidencia o retroalimentación.",ART,,,,erandi,expert_synthesis,needs_expert_review,src_ncas,,"{""practice_id"":""prac_art_connect_context"",""level_order"":3,""official_progression"":false}"
