progression_id,practice_id,domain_code,level_order,level_name,description,provenance_class,official_progression,verification_status,source_id,notes
prog_prac_sci_observation_L1,prac_sci_observation,SCI,1,Notar,Identifica rasgos o eventos relevantes con apoyo y los distingue de información no observable.,expert_synthesis,false,needs_expert_review,src_mineduc_cn03,"Mapa de sofisticación, no nivel fijo del estudiante."
prog_prac_sci_observation_L2,prac_sci_observation,SCI,2,Describir y comparar,Describe observaciones con mayor especificidad y compara semejanzas/diferencias usando criterios simples.,expert_synthesis,false,needs_expert_review,src_mineduc_cn03,"Mapa de sofisticación, no nivel fijo del estudiante."
prog_prac_sci_observation_L3,prac_sci_observation,SCI,3,Registrar,"Registra observaciones mediante dibujos, tablas, medidas u otras representaciones apropiadas al propósito.",expert_synthesis,false,needs_expert_review,src_mineduc_cn03,"Mapa de sofisticación, no nivel fijo del estudiante."
prog_prac_sci_observation_L4,prac_sci_observation,SCI,4,Usar como evidencia,Usa patrones de observación registrados para apoyar o revisar una explicación.,expert_synthesis,false,needs_expert_review,src_mineduc_cn03,"Mapa de sofisticación, no nivel fijo del estudiante."
prog_prac_sci_questioning_L1,prac_sci_questioning,SCI,1,Preguntar desde la curiosidad,Formula preguntas sobre un fenómeno a partir de lo que observa o ya sabe.,expert_synthesis,false,needs_expert_review,src_nrc_framework,"Mapa de sofisticación, no nivel fijo del estudiante."
prog_prac_sci_questioning_L2,prac_sci_questioning,SCI,2,Distinguir preguntas investigables,"Reconoce cuáles preguntas podrían abordarse mediante observación, datos o pruebas.",expert_synthesis,false,needs_expert_review,src_nrc_framework,"Mapa de sofisticación, no nivel fijo del estudiante."
prog_prac_sci_questioning_L3,prac_sci_questioning,SCI,3,Refinar,Ajusta una pregunta para precisar qué se quiere saber y qué evidencia sería útil.,expert_synthesis,false,needs_expert_review,src_nrc_framework,"Mapa de sofisticación, no nivel fijo del estudiante."
prog_prac_sci_questioning_L4,prac_sci_questioning,SCI,4,Conectar pregunta y evidencia,Relaciona explícitamente la pregunta con el diseño de recolección de evidencia.,expert_synthesis,false,needs_expert_review,src_nrc_framework,"Mapa de sofisticación, no nivel fijo del estudiante."
prog_prac_sci_prediction_L1,prac_sci_prediction,SCI,1,Anticipar,Expresa qué cree que ocurrirá antes de observar o probar.,expert_synthesis,false,needs_expert_review,src_mineduc_cn03,"Mapa de sofisticación, no nivel fijo del estudiante."
prog_prac_sci_prediction_L2,prac_sci_prediction,SCI,2,Justificar,"Da una razón simple basada en experiencia, patrón o conocimiento previo.",expert_synthesis,false,needs_expert_review,src_mineduc_cn03,"Mapa de sofisticación, no nivel fijo del estudiante."
prog_prac_sci_prediction_L3,prac_sci_prediction,SCI,3,Usar un modelo,Hace predicciones a partir de relaciones representadas en un modelo.,expert_synthesis,false,needs_expert_review,src_mineduc_cn03,"Mapa de sofisticación, no nivel fijo del estudiante."
prog_prac_sci_prediction_L4,prac_sci_prediction,SCI,4,Revisar frente a evidencia,"Compara predicción y resultado, explicando qué cambió en su pensamiento.",expert_synthesis,false,needs_expert_review,src_mineduc_cn03,"Mapa de sofisticación, no nivel fijo del estudiante."
prog_prac_sci_modeling_L1,prac_sci_modeling,SCI,1,Representar componentes,Incluye elementos relevantes del fenómeno en una representación.,expert_synthesis,false,needs_expert_review,src_nrc_framework,"Mapa de sofisticación, no nivel fijo del estudiante."
prog_prac_sci_modeling_L2,prac_sci_modeling,SCI,2,Representar relaciones,"Muestra cómo se relacionan componentes, usando flechas, posiciones, secuencias u otras convenciones.",expert_synthesis,false,needs_expert_review,src_nrc_framework,"Mapa de sofisticación, no nivel fijo del estudiante."
prog_prac_sci_modeling_L3,prac_sci_modeling,SCI,3,Explicar o predecir,Usa el modelo para explicar un fenómeno o anticipar un cambio.,expert_synthesis,false,needs_expert_review,src_nrc_framework,"Mapa de sofisticación, no nivel fijo del estudiante."
prog_prac_sci_modeling_L4,prac_sci_modeling,SCI,4,Revisar con evidencia,"Compara el modelo con nueva evidencia, identifica limitaciones y lo modifica.",expert_synthesis,false,needs_expert_review,src_nrc_framework,"Mapa de sofisticación, no nivel fijo del estudiante."
prog_prac_sci_investigation_L1,prac_sci_investigation,SCI,1,Participar en una indagación guiada,Sigue una secuencia con propósito claro y contribuye a observar o recolectar evidencia.,expert_synthesis,false,needs_expert_review,src_nrc_framework,"Mapa de sofisticación, no nivel fijo del estudiante."
prog_prac_sci_investigation_L2,prac_sci_investigation,SCI,2,Relacionar pregunta y procedimiento,Comprende cómo las acciones de la investigación ayudan a responder la pregunta.,expert_synthesis,false,needs_expert_review,src_nrc_framework,"Mapa de sofisticación, no nivel fijo del estudiante."
prog_prac_sci_investigation_L3,prac_sci_investigation,SCI,3,Tomar decisiones simples de diseño,"Participa en decisiones sobre qué comparar, medir, registrar o mantener consistente.",expert_synthesis,false,needs_expert_review,src_nrc_framework,"Mapa de sofisticación, no nivel fijo del estudiante."
prog_prac_sci_investigation_L4,prac_sci_investigation,SCI,4,Evaluar la investigación,Identifica limitaciones de la evidencia y propone mejoras al procedimiento.,expert_synthesis,false,needs_expert_review,src_nrc_framework,"Mapa de sofisticación, no nivel fijo del estudiante."
prog_prac_sci_data_L1,prac_sci_data,SCI,1,Organizar,Agrupa o registra datos de forma que puedan revisarse.,expert_synthesis,false,needs_expert_review,src_nrc_framework,"Mapa de sofisticación, no nivel fijo del estudiante."
prog_prac_sci_data_L2,prac_sci_data,SCI,2,Representar y comparar,"Usa tablas, gráficos o categorías simples para comparar resultados.",expert_synthesis,false,needs_expert_review,src_nrc_framework,"Mapa de sofisticación, no nivel fijo del estudiante."
prog_prac_sci_data_L3,prac_sci_data,SCI,3,Identificar patrones,"Describe regularidades, diferencias o relaciones presentes en los datos.",expert_synthesis,false,needs_expert_review,src_nrc_framework,"Mapa de sofisticación, no nivel fijo del estudiante."
prog_prac_sci_data_L4,prac_sci_data,SCI,4,Interpretar para responder,Usa los patrones como evidencia para responder una pregunta o evaluar una explicación.,expert_synthesis,false,needs_expert_review,src_nrc_framework,"Mapa de sofisticación, no nivel fijo del estudiante."
prog_prac_sci_mathcomp_L1,prac_sci_mathcomp,SCI,1,Participar con apoyo,"Participa en la práctica «Uso de matemática y pensamiento computacional en ciencia» con apoyos explícitos, ejemplos o una estructura provista.",expert_synthesis,false,needs_expert_review,src_nrc_framework,"Mapa de sofisticación, no nivel fijo del estudiante."
prog_prac_sci_mathcomp_L2,prac_sci_mathcomp,SCI,2,Aplicar con propósito,"Aplica «Uso de matemática y pensamiento computacional en ciencia» en una situación conocida, explicando decisiones básicas y usando representaciones/herramientas pertinentes.",expert_synthesis,false,needs_expert_review,src_nrc_framework,"Mapa de sofisticación, no nivel fijo del estudiante."
prog_prac_sci_mathcomp_L3,prac_sci_mathcomp,SCI,3,"Seleccionar, justificar y revisar","Usa «Uso de matemática y pensamiento computacional en ciencia» con mayor autonomía; selecciona estrategias, justifica decisiones y revisa su trabajo frente a criterios, evidencia o retroalimentación.",expert_synthesis,false,needs_expert_review,src_nrc_framework,"Mapa de sofisticación, no nivel fijo del estudiante."
prog_prac_sci_explanation_L1,prac_sci_explanation,SCI,1,Describir lo ocurrido,Expresa qué ocurrió o qué relación observa.,expert_synthesis,false,needs_expert_review,src_nrc_framework,"Mapa de sofisticación, no nivel fijo del estudiante."
prog_prac_sci_explanation_L2,prac_sci_explanation,SCI,2,Conectar idea y evidencia,Relaciona una idea explicativa simple con observaciones o datos relevantes.,expert_synthesis,false,needs_expert_review,src_nrc_framework,"Mapa de sofisticación, no nivel fijo del estudiante."
prog_prac_sci_explanation_L3,prac_sci_explanation,SCI,3,Explicar causalmente,Articula cómo o por qué componentes/relaciones producen el fenómeno.,expert_synthesis,false,needs_expert_review,src_nrc_framework,"Mapa de sofisticación, no nivel fijo del estudiante."
prog_prac_sci_explanation_L4,prac_sci_explanation,SCI,4,Revisar explicación,Modifica la explicación al considerar nueva evidencia o una explicación alternativa.,expert_synthesis,false,needs_expert_review,src_nrc_framework,"Mapa de sofisticación, no nivel fijo del estudiante."
prog_prac_sci_argument_L1,prac_sci_argument,SCI,1,Expresar una afirmación,Propone una conclusión o interpretación.,expert_synthesis,false,needs_expert_review,src_nrc_framework,"Mapa de sofisticación, no nivel fijo del estudiante."
prog_prac_sci_argument_L2,prac_sci_argument,SCI,2,Apoyar con evidencia,Selecciona evidencia pertinente para apoyar la afirmación.,expert_synthesis,false,needs_expert_review,src_nrc_framework,"Mapa de sofisticación, no nivel fijo del estudiante."
prog_prac_sci_argument_L3,prac_sci_argument,SCI,3,Comparar argumentos,Considera evidencia/razones de otras explicaciones y responde a ellas.,expert_synthesis,false,needs_expert_review,src_nrc_framework,"Mapa de sofisticación, no nivel fijo del estudiante."
prog_prac_sci_argument_L4,prac_sci_argument,SCI,4,Revisar y justificar,Ajusta su afirmación o justificación cuando la evidencia lo requiere.,expert_synthesis,false,needs_expert_review,src_nrc_framework,"Mapa de sofisticación, no nivel fijo del estudiante."
prog_prac_sci_communication_L1,prac_sci_communication,SCI,1,Representar una idea,"Comunica observaciones o ideas mediante lenguaje, dibujo, material concreto o modelo.",expert_synthesis,false,needs_expert_review,src_nrc_framework,"Mapa de sofisticación, no nivel fijo del estudiante."
prog_prac_sci_communication_L2,prac_sci_communication,SCI,2,Seleccionar evidencia,Incluye información/evidencia relevante al propósito.,expert_synthesis,false,needs_expert_review,src_nrc_framework,"Mapa de sofisticación, no nivel fijo del estudiante."
prog_prac_sci_communication_L3,prac_sci_communication,SCI,3,Adecuar a audiencia y propósito,Elige representaciones y nivel de detalle apropiados.,expert_synthesis,false,needs_expert_review,src_nrc_framework,"Mapa de sofisticación, no nivel fijo del estudiante."
prog_prac_sci_communication_L4,prac_sci_communication,SCI,4,Integrar y responder,"Compara ideas, responde preguntas y revisa la comunicación para mejorar claridad/precisión.",expert_synthesis,false,needs_expert_review,src_nrc_framework,"Mapa de sofisticación, no nivel fijo del estudiante."
prog_prac_sci_systems_L1,prac_sci_systems,SCI,1,Identificar componentes,Reconoce partes relevantes de un sistema.,expert_synthesis,false,needs_expert_review,src_nrc_framework,"Mapa de sofisticación, no nivel fijo del estudiante."
prog_prac_sci_systems_L2,prac_sci_systems,SCI,2,Conectar componentes,Representa relaciones entre componentes.,expert_synthesis,false,needs_expert_review,src_nrc_framework,"Mapa de sofisticación, no nivel fijo del estudiante."
prog_prac_sci_systems_L3,prac_sci_systems,SCI,3,Rastrear efectos,Predice cómo un cambio en una parte puede afectar otras.,expert_synthesis,false,needs_expert_review,src_nrc_framework,"Mapa de sofisticación, no nivel fijo del estudiante."
prog_prac_sci_systems_L4,prac_sci_systems,SCI,4,Razonar sobre límites y retroalimentaciones,"Considera múltiples relaciones, límites del modelo y efectos indirectos.",expert_synthesis,false,needs_expert_review,src_nrc_framework,"Mapa de sofisticación, no nivel fijo del estudiante."
prog_prac_eng_define_L1,prac_eng_define,ENG,1,Reconocer una necesidad,Identifica una situación que podría mejorarse o resolverse.,expert_synthesis,false,needs_expert_review,src_nrc_framework,"Mapa de sofisticación, no nivel fijo del estudiante."
prog_prac_eng_define_L2,prac_eng_define,ENG,2,Enunciar el problema,Describe para quién es el problema y qué necesita lograrse.,expert_synthesis,false,needs_expert_review,src_nrc_framework,"Mapa de sofisticación, no nivel fijo del estudiante."
prog_prac_eng_define_L3,prac_eng_define,ENG,3,Delimitar,Distingue el problema central de aspectos secundarios y explicita información necesaria.,expert_synthesis,false,needs_expert_review,src_nrc_framework,"Mapa de sofisticación, no nivel fijo del estudiante."
prog_prac_eng_define_L4,prac_eng_define,ENG,4,Reformular con evidencia,Ajusta la definición del problema después de investigar usuarios/contexto.,expert_synthesis,false,needs_expert_review,src_nrc_framework,"Mapa de sofisticación, no nivel fijo del estudiante."
prog_prac_eng_criteria_L1,prac_eng_criteria,ENG,1,Reconocer éxito y límites,Identifica qué debería lograr la solución y una limitación relevante.,expert_synthesis,false,needs_expert_review,src_nrc_framework,"Mapa de sofisticación, no nivel fijo del estudiante."
prog_prac_eng_criteria_L2,prac_eng_criteria,ENG,2,Explicitar criterios/restricciones,Formula criterios de éxito y restricciones observables.,expert_synthesis,false,needs_expert_review,src_nrc_framework,"Mapa de sofisticación, no nivel fijo del estudiante."
prog_prac_eng_criteria_L3,prac_eng_criteria,ENG,3,Priorizar y medir,Decide cuáles criterios importan más y cómo se comprobarán.,expert_synthesis,false,needs_expert_review,src_nrc_framework,"Mapa de sofisticación, no nivel fijo del estudiante."
prog_prac_eng_criteria_L4,prac_eng_criteria,ENG,4,Revisar criterios,Ajusta criterios/restricciones según evidencia y contexto.,expert_synthesis,false,needs_expert_review,src_nrc_framework,"Mapa de sofisticación, no nivel fijo del estudiante."
prog_prac_eng_ideate_L1,prac_eng_ideate,ENG,1,Generar una idea,Propone al menos una solución posible.,expert_synthesis,false,needs_expert_review,src_nrc_framework,"Mapa de sofisticación, no nivel fijo del estudiante."
prog_prac_eng_ideate_L2,prac_eng_ideate,ENG,2,Generar alternativas,Produce varias opciones diferentes antes de elegir.,expert_synthesis,false,needs_expert_review,src_nrc_framework,"Mapa de sofisticación, no nivel fijo del estudiante."
prog_prac_eng_ideate_L3,prac_eng_ideate,ENG,3,Combinar y comparar,Usa criterios para combinar fortalezas o seleccionar una alternativa.,expert_synthesis,false,needs_expert_review,src_nrc_framework,"Mapa de sofisticación, no nivel fijo del estudiante."
prog_prac_eng_ideate_L4,prac_eng_ideate,ENG,4,Idear estratégicamente,Genera alternativas dirigidas a superar fallas o trade-offs observados.,expert_synthesis,false,needs_expert_review,src_nrc_framework,"Mapa de sofisticación, no nivel fijo del estudiante."
prog_prac_eng_modelproto_L1,prac_eng_modelproto,ENG,1,Representar una solución,"Produce un dibujo, modelo o construcción parcial de una idea.",expert_synthesis,false,needs_expert_review,src_nrc_framework,"Mapa de sofisticación, no nivel fijo del estudiante."
prog_prac_eng_modelproto_L2,prac_eng_modelproto,ENG,2,Hacer visible el funcionamiento,El prototipo representa componentes y relaciones relevantes al criterio de diseño.,expert_synthesis,false,needs_expert_review,src_nrc_framework,"Mapa de sofisticación, no nivel fijo del estudiante."
prog_prac_eng_modelproto_L3,prac_eng_modelproto,ENG,3,Prototipar para probar,Construye deliberadamente una versión que permita recolectar evidencia sobre una hipótesis de diseño.,expert_synthesis,false,needs_expert_review,src_nrc_framework,"Mapa de sofisticación, no nivel fijo del estudiante."
prog_prac_eng_modelproto_L4,prac_eng_modelproto,ENG,4,Elegir fidelidad estratégicamente,Selecciona qué aspectos prototipar con mayor detalle según la pregunta de prueba.,expert_synthesis,false,needs_expert_review,src_nrc_framework,"Mapa de sofisticación, no nivel fijo del estudiante."
prog_prac_eng_test_L1,prac_eng_test,ENG,1,Probar funcionamiento,Observa qué ocurre cuando se usa o prueba la solución.,expert_synthesis,false,needs_expert_review,src_nrc_framework,"Mapa de sofisticación, no nivel fijo del estudiante."
prog_prac_eng_test_L2,prac_eng_test,ENG,2,Probar contra un criterio,Recolecta evidencia vinculada explícitamente a un criterio.,expert_synthesis,false,needs_expert_review,src_nrc_framework,"Mapa de sofisticación, no nivel fijo del estudiante."
prog_prac_eng_test_L3,prac_eng_test,ENG,3,Comparar alternativas,Aplica un procedimiento comparable a más de una solución o versión.,expert_synthesis,false,needs_expert_review,src_nrc_framework,"Mapa de sofisticación, no nivel fijo del estudiante."
prog_prac_eng_test_L4,prac_eng_test,ENG,4,Evaluar validez de la prueba,Identifica si la prueba realmente permite juzgar el criterio y propone mejoras.,expert_synthesis,false,needs_expert_review,src_nrc_framework,"Mapa de sofisticación, no nivel fijo del estudiante."
prog_prac_eng_iterate_L1,prac_eng_iterate,ENG,1,Cambiar después de probar,Modifica una solución después de observar un problema.,expert_synthesis,false,needs_expert_review,src_nrc_framework,"Mapa de sofisticación, no nivel fijo del estudiante."
prog_prac_eng_iterate_L2,prac_eng_iterate,ENG,2,Usar evidencia para cambiar,Explica qué evidencia motivó una modificación específica.,expert_synthesis,false,needs_expert_review,src_nrc_framework,"Mapa de sofisticación, no nivel fijo del estudiante."
prog_prac_eng_iterate_L3,prac_eng_iterate,ENG,3,Priorizar cambios,"Decide qué modificar primero según criterios, restricciones y resultados.",expert_synthesis,false,needs_expert_review,src_nrc_framework,"Mapa de sofisticación, no nivel fijo del estudiante."
prog_prac_eng_iterate_L4,prac_eng_iterate,ENG,4,Optimizar,Realiza ciclos de prueba y revisión gestionando múltiples criterios/trade-offs.,expert_synthesis,false,needs_expert_review,src_nrc_framework,"Mapa de sofisticación, no nivel fijo del estudiante."
prog_prac_eng_tradeoffs_L1,prac_eng_tradeoffs,ENG,1,Reconocer ventajas y limitaciones,Identifica algo que una solución hace bien y algo que limita.,expert_synthesis,false,needs_expert_review,src_nrc_framework,"Mapa de sofisticación, no nivel fijo del estudiante."
prog_prac_eng_tradeoffs_L2,prac_eng_tradeoffs,ENG,2,Comparar contra varios criterios,Observa que una alternativa puede ser mejor en un criterio y peor en otro.,expert_synthesis,false,needs_expert_review,src_nrc_framework,"Mapa de sofisticación, no nivel fijo del estudiante."
prog_prac_eng_tradeoffs_L3,prac_eng_tradeoffs,ENG,3,Justificar una elección,Explica por qué acepta ciertos compromisos según prioridades.,expert_synthesis,false,needs_expert_review,src_nrc_framework,"Mapa de sofisticación, no nivel fijo del estudiante."
prog_prac_eng_tradeoffs_L4,prac_eng_tradeoffs,ENG,4,Gestionar trade-offs explícitamente,Usa evidencia y prioridades para optimizar entre criterios en tensión.,expert_synthesis,false,needs_expert_review,src_nrc_framework,"Mapa de sofisticación, no nivel fijo del estudiante."
prog_prac_eng_argument_L1,prac_eng_argument,ENG,1,Expresar decisión,Indica qué solución o cambio prefiere.,expert_synthesis,false,needs_expert_review,src_nrc_framework,"Mapa de sofisticación, no nivel fijo del estudiante."
prog_prac_eng_argument_L2,prac_eng_argument,ENG,2,Justificar con criterios/evidencia,Relaciona su decisión con resultados de prueba o criterios.,expert_synthesis,false,needs_expert_review,src_nrc_framework,"Mapa de sofisticación, no nivel fijo del estudiante."
prog_prac_eng_argument_L3,prac_eng_argument,ENG,3,Comparar alternativas,Contrasta evidencia de distintas soluciones.,expert_synthesis,false,needs_expert_review,src_nrc_framework,"Mapa de sofisticación, no nivel fijo del estudiante."
prog_prac_eng_argument_L4,prac_eng_argument,ENG,4,Defender/revisar decisión,Responde a objeciones y cambia su decisión cuando la evidencia lo amerita.,expert_synthesis,false,needs_expert_review,src_nrc_framework,"Mapa de sofisticación, no nivel fijo del estudiante."
prog_prac_eng_communicate_L1,prac_eng_communicate,ENG,1,Mostrar la solución,Representa qué construyó y qué intenta lograr.,expert_synthesis,false,needs_expert_review,src_nrc_framework,"Mapa de sofisticación, no nivel fijo del estudiante."
prog_prac_eng_communicate_L2,prac_eng_communicate,ENG,2,Explicar decisiones,"Comunica criterios, restricciones y decisiones centrales.",expert_synthesis,false,needs_expert_review,src_nrc_framework,"Mapa de sofisticación, no nivel fijo del estudiante."
prog_prac_eng_communicate_L3,prac_eng_communicate,ENG,3,Comunicar evidencia,Integra resultados de pruebas para justificar cambios.,expert_synthesis,false,needs_expert_review,src_nrc_framework,"Mapa de sofisticación, no nivel fijo del estudiante."
prog_prac_eng_communicate_L4,prac_eng_communicate,ENG,4,Comunicar proceso y limitaciones,"Explica iteraciones, trade-offs, evidencia y límites de la solución.",expert_synthesis,false,needs_expert_review,src_nrc_framework,"Mapa de sofisticación, no nivel fijo del estudiante."
prog_prac_eng_systems_L1,prac_eng_systems,ENG,1,Identificar elementos,"Reconoce usuario, solución y componentes básicos del contexto.",expert_synthesis,false,needs_expert_review,src_nrc_framework,"Mapa de sofisticación, no nivel fijo del estudiante."
prog_prac_eng_systems_L2,prac_eng_systems,ENG,2,Conectar impactos,"Describe interacciones entre solución, usuario, materiales y ambiente.",expert_synthesis,false,needs_expert_review,src_nrc_framework,"Mapa de sofisticación, no nivel fijo del estudiante."
prog_prac_eng_systems_L3,prac_eng_systems,ENG,3,Anticipar consecuencias,Predice efectos directos e indirectos de decisiones de diseño.,expert_synthesis,false,needs_expert_review,src_nrc_framework,"Mapa de sofisticación, no nivel fijo del estudiante."
prog_prac_eng_systems_L4,prac_eng_systems,ENG,4,Rediseñar considerando el sistema,Modifica una solución considerando múltiples actores/efectos y tensiones.,expert_synthesis,false,needs_expert_review,src_nrc_framework,"Mapa de sofisticación, no nivel fijo del estudiante."
prog_prac_math_make_sense_L1,prac_math_make_sense,MAT,1,Participar con apoyo,"Participa en la práctica «Dar sentido a problemas y perseverar» con apoyos explícitos, ejemplos o una estructura provista.",expert_synthesis,false,needs_expert_review,src_ccss_math,"Mapa de sofisticación, no nivel fijo del estudiante."
prog_prac_math_make_sense_L2,prac_math_make_sense,MAT,2,Aplicar con propósito,"Aplica «Dar sentido a problemas y perseverar» en una situación conocida, explicando decisiones básicas y usando representaciones/herramientas pertinentes.",expert_synthesis,false,needs_expert_review,src_ccss_math,"Mapa de sofisticación, no nivel fijo del estudiante."
prog_prac_math_make_sense_L3,prac_math_make_sense,MAT,3,"Seleccionar, justificar y revisar","Usa «Dar sentido a problemas y perseverar» con mayor autonomía; selecciona estrategias, justifica decisiones y revisa su trabajo frente a criterios, evidencia o retroalimentación.",expert_synthesis,false,needs_expert_review,src_ccss_math,"Mapa de sofisticación, no nivel fijo del estudiante."
prog_prac_math_reason_abstract_L1,prac_math_reason_abstract,MAT,1,Participar con apoyo,"Participa en la práctica «Razonar de manera abstracta y cuantitativa» con apoyos explícitos, ejemplos o una estructura provista.",expert_synthesis,false,needs_expert_review,src_ccss_math,"Mapa de sofisticación, no nivel fijo del estudiante."
prog_prac_math_reason_abstract_L2,prac_math_reason_abstract,MAT,2,Aplicar con propósito,"Aplica «Razonar de manera abstracta y cuantitativa» en una situación conocida, explicando decisiones básicas y usando representaciones/herramientas pertinentes.",expert_synthesis,false,needs_expert_review,src_ccss_math,"Mapa de sofisticación, no nivel fijo del estudiante."
prog_prac_math_reason_abstract_L3,prac_math_reason_abstract,MAT,3,"Seleccionar, justificar y revisar","Usa «Razonar de manera abstracta y cuantitativa» con mayor autonomía; selecciona estrategias, justifica decisiones y revisa su trabajo frente a criterios, evidencia o retroalimentación.",expert_synthesis,false,needs_expert_review,src_ccss_math,"Mapa de sofisticación, no nivel fijo del estudiante."
prog_prac_math_argument_L1,prac_math_argument,MAT,1,Participar con apoyo,"Participa en la práctica «Construir argumentos y criticar razonamientos» con apoyos explícitos, ejemplos o una estructura provista.",expert_synthesis,false,needs_expert_review,src_ccss_math,"Mapa de sofisticación, no nivel fijo del estudiante."
prog_prac_math_argument_L2,prac_math_argument,MAT,2,Aplicar con propósito,"Aplica «Construir argumentos y criticar razonamientos» en una situación conocida, explicando decisiones básicas y usando representaciones/herramientas pertinentes.",expert_synthesis,false,needs_expert_review,src_ccss_math,"Mapa de sofisticación, no nivel fijo del estudiante."
prog_prac_math_argument_L3,prac_math_argument,MAT,3,"Seleccionar, justificar y revisar","Usa «Construir argumentos y criticar razonamientos» con mayor autonomía; selecciona estrategias, justifica decisiones y revisa su trabajo frente a criterios, evidencia o retroalimentación.",expert_synthesis,false,needs_expert_review,src_ccss_math,"Mapa de sofisticación, no nivel fijo del estudiante."
prog_prac_math_model_L1,prac_math_model,MAT,1,Participar con apoyo,"Participa en la práctica «Modelar con matemática» con apoyos explícitos, ejemplos o una estructura provista.",expert_synthesis,false,needs_expert_review,src_ccss_math,"Mapa de sofisticación, no nivel fijo del estudiante."
prog_prac_math_model_L2,prac_math_model,MAT,2,Aplicar con propósito,"Aplica «Modelar con matemática» en una situación conocida, explicando decisiones básicas y usando representaciones/herramientas pertinentes.",expert_synthesis,false,needs_expert_review,src_ccss_math,"Mapa de sofisticación, no nivel fijo del estudiante."
prog_prac_math_model_L3,prac_math_model,MAT,3,"Seleccionar, justificar y revisar","Usa «Modelar con matemática» con mayor autonomía; selecciona estrategias, justifica decisiones y revisa su trabajo frente a criterios, evidencia o retroalimentación.",expert_synthesis,false,needs_expert_review,src_ccss_math,"Mapa de sofisticación, no nivel fijo del estudiante."
prog_prac_math_tools_L1,prac_math_tools,MAT,1,Participar con apoyo,"Participa en la práctica «Usar herramientas estratégicamente» con apoyos explícitos, ejemplos o una estructura provista.",expert_synthesis,false,needs_expert_review,src_ccss_math,"Mapa de sofisticación, no nivel fijo del estudiante."
prog_prac_math_tools_L2,prac_math_tools,MAT,2,Aplicar con propósito,"Aplica «Usar herramientas estratégicamente» en una situación conocida, explicando decisiones básicas y usando representaciones/herramientas pertinentes.",expert_synthesis,false,needs_expert_review,src_ccss_math,"Mapa de sofisticación, no nivel fijo del estudiante."
prog_prac_math_tools_L3,prac_math_tools,MAT,3,"Seleccionar, justificar y revisar","Usa «Usar herramientas estratégicamente» con mayor autonomía; selecciona estrategias, justifica decisiones y revisa su trabajo frente a criterios, evidencia o retroalimentación.",expert_synthesis,false,needs_expert_review,src_ccss_math,"Mapa de sofisticación, no nivel fijo del estudiante."
prog_prac_math_precision_L1,prac_math_precision,MAT,1,Participar con apoyo,"Participa en la práctica «Atender a la precisión» con apoyos explícitos, ejemplos o una estructura provista.",expert_synthesis,false,needs_expert_review,src_ccss_math,"Mapa de sofisticación, no nivel fijo del estudiante."
prog_prac_math_precision_L2,prac_math_precision,MAT,2,Aplicar con propósito,"Aplica «Atender a la precisión» en una situación conocida, explicando decisiones básicas y usando representaciones/herramientas pertinentes.",expert_synthesis,false,needs_expert_review,src_ccss_math,"Mapa de sofisticación, no nivel fijo del estudiante."
prog_prac_math_precision_L3,prac_math_precision,MAT,3,"Seleccionar, justificar y revisar","Usa «Atender a la precisión» con mayor autonomía; selecciona estrategias, justifica decisiones y revisa su trabajo frente a criterios, evidencia o retroalimentación.",expert_synthesis,false,needs_expert_review,src_ccss_math,"Mapa de sofisticación, no nivel fijo del estudiante."
prog_prac_math_structure_L1,prac_math_structure,MAT,1,Participar con apoyo,"Participa en la práctica «Buscar y usar estructura» con apoyos explícitos, ejemplos o una estructura provista.",expert_synthesis,false,needs_expert_review,src_ccss_math,"Mapa de sofisticación, no nivel fijo del estudiante."
prog_prac_math_structure_L2,prac_math_structure,MAT,2,Aplicar con propósito,"Aplica «Buscar y usar estructura» en una situación conocida, explicando decisiones básicas y usando representaciones/herramientas pertinentes.",expert_synthesis,false,needs_expert_review,src_ccss_math,"Mapa de sofisticación, no nivel fijo del estudiante."
prog_prac_math_structure_L3,prac_math_structure,MAT,3,"Seleccionar, justificar y revisar","Usa «Buscar y usar estructura» con mayor autonomía; selecciona estrategias, justifica decisiones y revisa su trabajo frente a criterios, evidencia o retroalimentación.",expert_synthesis,false,needs_expert_review,src_ccss_math,"Mapa de sofisticación, no nivel fijo del estudiante."
prog_prac_math_regularity_L1,prac_math_regularity,MAT,1,Participar con apoyo,"Participa en la práctica «Buscar regularidad en razonamientos repetidos» con apoyos explícitos, ejemplos o una estructura provista.",expert_synthesis,false,needs_expert_review,src_ccss_math,"Mapa de sofisticación, no nivel fijo del estudiante."
prog_prac_math_regularity_L2,prac_math_regularity,MAT,2,Aplicar con propósito,"Aplica «Buscar regularidad en razonamientos repetidos» en una situación conocida, explicando decisiones básicas y usando representaciones/herramientas pertinentes.",expert_synthesis,false,needs_expert_review,src_ccss_math,"Mapa de sofisticación, no nivel fijo del estudiante."
prog_prac_math_regularity_L3,prac_math_regularity,MAT,3,"Seleccionar, justificar y revisar","Usa «Buscar regularidad en razonamientos repetidos» con mayor autonomía; selecciona estrategias, justifica decisiones y revisa su trabajo frente a criterios, evidencia o retroalimentación.",expert_synthesis,false,needs_expert_review,src_ccss_math,"Mapa de sofisticación, no nivel fijo del estudiante."
prog_prac_cs_positive_impact_L1,prac_cs_positive_impact,TEC,1,Participar con apoyo,"Participa en la práctica «Usar la computación para un impacto social positivo» con apoyos explícitos, ejemplos o una estructura provista.",expert_synthesis,false,needs_expert_review,src_csta_2026,"Mapa de sofisticación, no nivel fijo del estudiante."
prog_prac_cs_positive_impact_L2,prac_cs_positive_impact,TEC,2,Aplicar con propósito,"Aplica «Usar la computación para un impacto social positivo» en una situación conocida, explicando decisiones básicas y usando representaciones/herramientas pertinentes.",expert_synthesis,false,needs_expert_review,src_csta_2026,"Mapa de sofisticación, no nivel fijo del estudiante."
prog_prac_cs_positive_impact_L3,prac_cs_positive_impact,TEC,3,"Seleccionar, justificar y revisar","Usa «Usar la computación para un impacto social positivo» con mayor autonomía; selecciona estrategias, justifica decisiones y revisa su trabajo frente a criterios, evidencia o retroalimentación.",expert_synthesis,false,needs_expert_review,src_csta_2026,"Mapa de sofisticación, no nivel fijo del estudiante."
prog_prac_cs_rights_dignity_L1,prac_cs_rights_dignity,TEC,1,Participar con apoyo,"Participa en la práctica «Respetar derechos, privacidad y dignidad» con apoyos explícitos, ejemplos o una estructura provista.",expert_synthesis,false,needs_expert_review,src_csta_2026,"Mapa de sofisticación, no nivel fijo del estudiante."
prog_prac_cs_rights_dignity_L2,prac_cs_rights_dignity,TEC,2,Aplicar con propósito,"Aplica «Respetar derechos, privacidad y dignidad» en una situación conocida, explicando decisiones básicas y usando representaciones/herramientas pertinentes.",expert_synthesis,false,needs_expert_review,src_csta_2026,"Mapa de sofisticación, no nivel fijo del estudiante."
prog_prac_cs_rights_dignity_L3,prac_cs_rights_dignity,TEC,3,"Seleccionar, justificar y revisar","Usa «Respetar derechos, privacidad y dignidad» con mayor autonomía; selecciona estrategias, justifica decisiones y revisa su trabajo frente a criterios, evidencia o retroalimentación.",expert_synthesis,false,needs_expert_review,src_csta_2026,"Mapa de sofisticación, no nivel fijo del estudiante."
prog_prac_cs_communicate_L1,prac_cs_communicate,TEC,1,Participar con apoyo,"Participa en la práctica «Comunicar eficazmente sobre computación» con apoyos explícitos, ejemplos o una estructura provista.",expert_synthesis,false,needs_expert_review,src_csta_2026,"Mapa de sofisticación, no nivel fijo del estudiante."
prog_prac_cs_communicate_L2,prac_cs_communicate,TEC,2,Aplicar con propósito,"Aplica «Comunicar eficazmente sobre computación» en una situación conocida, explicando decisiones básicas y usando representaciones/herramientas pertinentes.",expert_synthesis,false,needs_expert_review,src_csta_2026,"Mapa de sofisticación, no nivel fijo del estudiante."
prog_prac_cs_communicate_L3,prac_cs_communicate,TEC,3,"Seleccionar, justificar y revisar","Usa «Comunicar eficazmente sobre computación» con mayor autonomía; selecciona estrategias, justifica decisiones y revisa su trabajo frente a criterios, evidencia o retroalimentación.",expert_synthesis,false,needs_expert_review,src_csta_2026,"Mapa de sofisticación, no nivel fijo del estudiante."
prog_prac_cs_manage_L1,prac_cs_manage,TEC,1,Participar con apoyo,"Participa en la práctica «Gestionar proyectos computacionales» con apoyos explícitos, ejemplos o una estructura provista.",expert_synthesis,false,needs_expert_review,src_csta_2026,"Mapa de sofisticación, no nivel fijo del estudiante."
prog_prac_cs_manage_L2,prac_cs_manage,TEC,2,Aplicar con propósito,"Aplica «Gestionar proyectos computacionales» en una situación conocida, explicando decisiones básicas y usando representaciones/herramientas pertinentes.",expert_synthesis,false,needs_expert_review,src_csta_2026,"Mapa de sofisticación, no nivel fijo del estudiante."
prog_prac_cs_manage_L3,prac_cs_manage,TEC,3,"Seleccionar, justificar y revisar","Usa «Gestionar proyectos computacionales» con mayor autonomía; selecciona estrategias, justifica decisiones y revisa su trabajo frente a criterios, evidencia o retroalimentación.",expert_synthesis,false,needs_expert_review,src_csta_2026,"Mapa de sofisticación, no nivel fijo del estudiante."
prog_prac_cs_collaborate_L1,prac_cs_collaborate,TEC,1,Participar con apoyo,"Participa en la práctica «Participar responsablemente en colaboraciones computacionales» con apoyos explícitos, ejemplos o una estructura provista.",expert_synthesis,false,needs_expert_review,src_csta_2026,"Mapa de sofisticación, no nivel fijo del estudiante."
prog_prac_cs_collaborate_L2,prac_cs_collaborate,TEC,2,Aplicar con propósito,"Aplica «Participar responsablemente en colaboraciones computacionales» en una situación conocida, explicando decisiones básicas y usando representaciones/herramientas pertinentes.",expert_synthesis,false,needs_expert_review,src_csta_2026,"Mapa de sofisticación, no nivel fijo del estudiante."
prog_prac_cs_collaborate_L3,prac_cs_collaborate,TEC,3,"Seleccionar, justificar y revisar","Usa «Participar responsablemente en colaboraciones computacionales» con mayor autonomía; selecciona estrategias, justifica decisiones y revisa su trabajo frente a criterios, evidencia o retroalimentación.",expert_synthesis,false,needs_expert_review,src_csta_2026,"Mapa de sofisticación, no nivel fijo del estudiante."
prog_prac_cs_define_problem_L1,prac_cs_define_problem,TEC,1,Participar con apoyo,"Participa en la práctica «Reconocer y definir problemas computacionales» con apoyos explícitos, ejemplos o una estructura provista.",expert_synthesis,false,needs_expert_review,src_csta_2026,"Mapa de sofisticación, no nivel fijo del estudiante."
prog_prac_cs_define_problem_L2,prac_cs_define_problem,TEC,2,Aplicar con propósito,"Aplica «Reconocer y definir problemas computacionales» en una situación conocida, explicando decisiones básicas y usando representaciones/herramientas pertinentes.",expert_synthesis,false,needs_expert_review,src_csta_2026,"Mapa de sofisticación, no nivel fijo del estudiante."
prog_prac_cs_define_problem_L3,prac_cs_define_problem,TEC,3,"Seleccionar, justificar y revisar","Usa «Reconocer y definir problemas computacionales» con mayor autonomía; selecciona estrategias, justifica decisiones y revisa su trabajo frente a criterios, evidencia o retroalimentación.",expert_synthesis,false,needs_expert_review,src_csta_2026,"Mapa de sofisticación, no nivel fijo del estudiante."
prog_prac_cs_abstraction_L1,prac_cs_abstraction,TEC,1,Participar con apoyo,"Participa en la práctica «Desarrollar y usar abstracciones» con apoyos explícitos, ejemplos o una estructura provista.",expert_synthesis,false,needs_expert_review,src_csta_2026,"Mapa de sofisticación, no nivel fijo del estudiante."
prog_prac_cs_abstraction_L2,prac_cs_abstraction,TEC,2,Aplicar con propósito,"Aplica «Desarrollar y usar abstracciones» en una situación conocida, explicando decisiones básicas y usando representaciones/herramientas pertinentes.",expert_synthesis,false,needs_expert_review,src_csta_2026,"Mapa de sofisticación, no nivel fijo del estudiante."
prog_prac_cs_abstraction_L3,prac_cs_abstraction,TEC,3,"Seleccionar, justificar y revisar","Usa «Desarrollar y usar abstracciones» con mayor autonomía; selecciona estrategias, justifica decisiones y revisa su trabajo frente a criterios, evidencia o retroalimentación.",expert_synthesis,false,needs_expert_review,src_csta_2026,"Mapa de sofisticación, no nivel fijo del estudiante."
prog_prac_cs_create_L1,prac_cs_create,TEC,1,Participar con apoyo,"Participa en la práctica «Crear productos computacionales» con apoyos explícitos, ejemplos o una estructura provista.",expert_synthesis,false,needs_expert_review,src_csta_2026,"Mapa de sofisticación, no nivel fijo del estudiante."
prog_prac_cs_create_L2,prac_cs_create,TEC,2,Aplicar con propósito,"Aplica «Crear productos computacionales» en una situación conocida, explicando decisiones básicas y usando representaciones/herramientas pertinentes.",expert_synthesis,false,needs_expert_review,src_csta_2026,"Mapa de sofisticación, no nivel fijo del estudiante."
prog_prac_cs_create_L3,prac_cs_create,TEC,3,"Seleccionar, justificar y revisar","Usa «Crear productos computacionales» con mayor autonomía; selecciona estrategias, justifica decisiones y revisa su trabajo frente a criterios, evidencia o retroalimentación.",expert_synthesis,false,needs_expert_review,src_csta_2026,"Mapa de sofisticación, no nivel fijo del estudiante."
prog_prac_cs_test_refine_L1,prac_cs_test_refine,TEC,1,Participar con apoyo,"Participa en la práctica «Probar y refinar productos computacionales» con apoyos explícitos, ejemplos o una estructura provista.",expert_synthesis,false,needs_expert_review,src_csta_2026,"Mapa de sofisticación, no nivel fijo del estudiante."
prog_prac_cs_test_refine_L2,prac_cs_test_refine,TEC,2,Aplicar con propósito,"Aplica «Probar y refinar productos computacionales» en una situación conocida, explicando decisiones básicas y usando representaciones/herramientas pertinentes.",expert_synthesis,false,needs_expert_review,src_csta_2026,"Mapa de sofisticación, no nivel fijo del estudiante."
prog_prac_cs_test_refine_L3,prac_cs_test_refine,TEC,3,"Seleccionar, justificar y revisar","Usa «Probar y refinar productos computacionales» con mayor autonomía; selecciona estrategias, justifica decisiones y revisa su trabajo frente a criterios, evidencia o retroalimentación.",expert_synthesis,false,needs_expert_review,src_csta_2026,"Mapa de sofisticación, no nivel fijo del estudiante."
prog_prac_cs_users_L1,prac_cs_users,TEC,1,Participar con apoyo,"Participa en la práctica «Comprender e involucrar a usuarios diversos» con apoyos explícitos, ejemplos o una estructura provista.",expert_synthesis,false,needs_expert_review,src_csta_2026,"Mapa de sofisticación, no nivel fijo del estudiante."
prog_prac_cs_users_L2,prac_cs_users,TEC,2,Aplicar con propósito,"Aplica «Comprender e involucrar a usuarios diversos» en una situación conocida, explicando decisiones básicas y usando representaciones/herramientas pertinentes.",expert_synthesis,false,needs_expert_review,src_csta_2026,"Mapa de sofisticación, no nivel fijo del estudiante."
prog_prac_cs_users_L3,prac_cs_users,TEC,3,"Seleccionar, justificar y revisar","Usa «Comprender e involucrar a usuarios diversos» con mayor autonomía; selecciona estrategias, justifica decisiones y revisa su trabajo frente a criterios, evidencia o retroalimentación.",expert_synthesis,false,needs_expert_review,src_csta_2026,"Mapa de sofisticación, no nivel fijo del estudiante."
prog_prac_cs_iterative_design_L1,prac_cs_iterative_design,TEC,1,Participar con apoyo,"Participa en la práctica «Aplicar procesos iterativos de diseño» con apoyos explícitos, ejemplos o una estructura provista.",expert_synthesis,false,needs_expert_review,src_csta_2026,"Mapa de sofisticación, no nivel fijo del estudiante."
prog_prac_cs_iterative_design_L2,prac_cs_iterative_design,TEC,2,Aplicar con propósito,"Aplica «Aplicar procesos iterativos de diseño» en una situación conocida, explicando decisiones básicas y usando representaciones/herramientas pertinentes.",expert_synthesis,false,needs_expert_review,src_csta_2026,"Mapa de sofisticación, no nivel fijo del estudiante."
prog_prac_cs_iterative_design_L3,prac_cs_iterative_design,TEC,3,"Seleccionar, justificar y revisar","Usa «Aplicar procesos iterativos de diseño» con mayor autonomía; selecciona estrategias, justifica decisiones y revisa su trabajo frente a criterios, evidencia o retroalimentación.",expert_synthesis,false,needs_expert_review,src_csta_2026,"Mapa de sofisticación, no nivel fijo del estudiante."
prog_prac_cs_empower_L1,prac_cs_empower,TEC,1,Participar con apoyo,"Participa en la práctica «Crear tecnologías que empoderen e informen» con apoyos explícitos, ejemplos o una estructura provista.",expert_synthesis,false,needs_expert_review,src_csta_2026,"Mapa de sofisticación, no nivel fijo del estudiante."
prog_prac_cs_empower_L2,prac_cs_empower,TEC,2,Aplicar con propósito,"Aplica «Crear tecnologías que empoderen e informen» en una situación conocida, explicando decisiones básicas y usando representaciones/herramientas pertinentes.",expert_synthesis,false,needs_expert_review,src_csta_2026,"Mapa de sofisticación, no nivel fijo del estudiante."
prog_prac_cs_empower_L3,prac_cs_empower,TEC,3,"Seleccionar, justificar y revisar","Usa «Crear tecnologías que empoderen e informen» con mayor autonomía; selecciona estrategias, justifica decisiones y revisa su trabajo frente a criterios, evidencia o retroalimentación.",expert_synthesis,false,needs_expert_review,src_csta_2026,"Mapa de sofisticación, no nivel fijo del estudiante."
prog_prac_art_generate_L1,prac_art_generate,ART,1,Participar con apoyo,"Participa en la práctica «Generar y conceptualizar ideas artísticas» con apoyos explícitos, ejemplos o una estructura provista.",expert_synthesis,false,needs_expert_review,src_ncas,"Mapa de sofisticación, no nivel fijo del estudiante."
prog_prac_art_generate_L2,prac_art_generate,ART,2,Aplicar con propósito,"Aplica «Generar y conceptualizar ideas artísticas» en una situación conocida, explicando decisiones básicas y usando representaciones/herramientas pertinentes.",expert_synthesis,false,needs_expert_review,src_ncas,"Mapa de sofisticación, no nivel fijo del estudiante."
prog_prac_art_generate_L3,prac_art_generate,ART,3,"Seleccionar, justificar y revisar","Usa «Generar y conceptualizar ideas artísticas» con mayor autonomía; selecciona estrategias, justifica decisiones y revisa su trabajo frente a criterios, evidencia o retroalimentación.",expert_synthesis,false,needs_expert_review,src_ncas,"Mapa de sofisticación, no nivel fijo del estudiante."
prog_prac_art_develop_L1,prac_art_develop,ART,1,Participar con apoyo,"Participa en la práctica «Organizar y desarrollar ideas y trabajo» con apoyos explícitos, ejemplos o una estructura provista.",expert_synthesis,false,needs_expert_review,src_ncas,"Mapa de sofisticación, no nivel fijo del estudiante."
prog_prac_art_develop_L2,prac_art_develop,ART,2,Aplicar con propósito,"Aplica «Organizar y desarrollar ideas y trabajo» en una situación conocida, explicando decisiones básicas y usando representaciones/herramientas pertinentes.",expert_synthesis,false,needs_expert_review,src_ncas,"Mapa de sofisticación, no nivel fijo del estudiante."
prog_prac_art_develop_L3,prac_art_develop,ART,3,"Seleccionar, justificar y revisar","Usa «Organizar y desarrollar ideas y trabajo» con mayor autonomía; selecciona estrategias, justifica decisiones y revisa su trabajo frente a criterios, evidencia o retroalimentación.",expert_synthesis,false,needs_expert_review,src_ncas,"Mapa de sofisticación, no nivel fijo del estudiante."
prog_prac_art_refine_L1,prac_art_refine,ART,1,Participar con apoyo,"Participa en la práctica «Refinar y completar trabajo» con apoyos explícitos, ejemplos o una estructura provista.",expert_synthesis,false,needs_expert_review,src_ncas,"Mapa de sofisticación, no nivel fijo del estudiante."
prog_prac_art_refine_L2,prac_art_refine,ART,2,Aplicar con propósito,"Aplica «Refinar y completar trabajo» en una situación conocida, explicando decisiones básicas y usando representaciones/herramientas pertinentes.",expert_synthesis,false,needs_expert_review,src_ncas,"Mapa de sofisticación, no nivel fijo del estudiante."
prog_prac_art_refine_L3,prac_art_refine,ART,3,"Seleccionar, justificar y revisar","Usa «Refinar y completar trabajo» con mayor autonomía; selecciona estrategias, justifica decisiones y revisa su trabajo frente a criterios, evidencia o retroalimentación.",expert_synthesis,false,needs_expert_review,src_ncas,"Mapa de sofisticación, no nivel fijo del estudiante."
prog_prac_art_select_present_L1,prac_art_select_present,ART,1,Participar con apoyo,"Participa en la práctica «Seleccionar trabajo para presentar» con apoyos explícitos, ejemplos o una estructura provista.",expert_synthesis,false,needs_expert_review,src_ncas,"Mapa de sofisticación, no nivel fijo del estudiante."
prog_prac_art_select_present_L2,prac_art_select_present,ART,2,Aplicar con propósito,"Aplica «Seleccionar trabajo para presentar» en una situación conocida, explicando decisiones básicas y usando representaciones/herramientas pertinentes.",expert_synthesis,false,needs_expert_review,src_ncas,"Mapa de sofisticación, no nivel fijo del estudiante."
prog_prac_art_select_present_L3,prac_art_select_present,ART,3,"Seleccionar, justificar y revisar","Usa «Seleccionar trabajo para presentar» con mayor autonomía; selecciona estrategias, justifica decisiones y revisa su trabajo frente a criterios, evidencia o retroalimentación.",expert_synthesis,false,needs_expert_review,src_ncas,"Mapa de sofisticación, no nivel fijo del estudiante."
prog_prac_art_prepare_present_L1,prac_art_prepare_present,ART,1,Participar con apoyo,"Participa en la práctica «Desarrollar y refinar para presentación» con apoyos explícitos, ejemplos o una estructura provista.",expert_synthesis,false,needs_expert_review,src_ncas,"Mapa de sofisticación, no nivel fijo del estudiante."
prog_prac_art_prepare_present_L2,prac_art_prepare_present,ART,2,Aplicar con propósito,"Aplica «Desarrollar y refinar para presentación» en una situación conocida, explicando decisiones básicas y usando representaciones/herramientas pertinentes.",expert_synthesis,false,needs_expert_review,src_ncas,"Mapa de sofisticación, no nivel fijo del estudiante."
prog_prac_art_prepare_present_L3,prac_art_prepare_present,ART,3,"Seleccionar, justificar y revisar","Usa «Desarrollar y refinar para presentación» con mayor autonomía; selecciona estrategias, justifica decisiones y revisa su trabajo frente a criterios, evidencia o retroalimentación.",expert_synthesis,false,needs_expert_review,src_ncas,"Mapa de sofisticación, no nivel fijo del estudiante."
prog_prac_art_convey_L1,prac_art_convey,ART,1,Participar con apoyo,"Participa en la práctica «Transmitir significado mediante la presentación» con apoyos explícitos, ejemplos o una estructura provista.",expert_synthesis,false,needs_expert_review,src_ncas,"Mapa de sofisticación, no nivel fijo del estudiante."
prog_prac_art_convey_L2,prac_art_convey,ART,2,Aplicar con propósito,"Aplica «Transmitir significado mediante la presentación» en una situación conocida, explicando decisiones básicas y usando representaciones/herramientas pertinentes.",expert_synthesis,false,needs_expert_review,src_ncas,"Mapa de sofisticación, no nivel fijo del estudiante."
prog_prac_art_convey_L3,prac_art_convey,ART,3,"Seleccionar, justificar y revisar","Usa «Transmitir significado mediante la presentación» con mayor autonomía; selecciona estrategias, justifica decisiones y revisa su trabajo frente a criterios, evidencia o retroalimentación.",expert_synthesis,false,needs_expert_review,src_ncas,"Mapa de sofisticación, no nivel fijo del estudiante."
prog_prac_art_perceive_L1,prac_art_perceive,ART,1,Participar con apoyo,"Participa en la práctica «Percibir y analizar trabajo artístico» con apoyos explícitos, ejemplos o una estructura provista.",expert_synthesis,false,needs_expert_review,src_ncas,"Mapa de sofisticación, no nivel fijo del estudiante."
prog_prac_art_perceive_L2,prac_art_perceive,ART,2,Aplicar con propósito,"Aplica «Percibir y analizar trabajo artístico» en una situación conocida, explicando decisiones básicas y usando representaciones/herramientas pertinentes.",expert_synthesis,false,needs_expert_review,src_ncas,"Mapa de sofisticación, no nivel fijo del estudiante."
prog_prac_art_perceive_L3,prac_art_perceive,ART,3,"Seleccionar, justificar y revisar","Usa «Percibir y analizar trabajo artístico» con mayor autonomía; selecciona estrategias, justifica decisiones y revisa su trabajo frente a criterios, evidencia o retroalimentación.",expert_synthesis,false,needs_expert_review,src_ncas,"Mapa de sofisticación, no nivel fijo del estudiante."
prog_prac_art_interpret_L1,prac_art_interpret,ART,1,Participar con apoyo,"Participa en la práctica «Interpretar intención y significado» con apoyos explícitos, ejemplos o una estructura provista.",expert_synthesis,false,needs_expert_review,src_ncas,"Mapa de sofisticación, no nivel fijo del estudiante."
prog_prac_art_interpret_L2,prac_art_interpret,ART,2,Aplicar con propósito,"Aplica «Interpretar intención y significado» en una situación conocida, explicando decisiones básicas y usando representaciones/herramientas pertinentes.",expert_synthesis,false,needs_expert_review,src_ncas,"Mapa de sofisticación, no nivel fijo del estudiante."
prog_prac_art_interpret_L3,prac_art_interpret,ART,3,"Seleccionar, justificar y revisar","Usa «Interpretar intención y significado» con mayor autonomía; selecciona estrategias, justifica decisiones y revisa su trabajo frente a criterios, evidencia o retroalimentación.",expert_synthesis,false,needs_expert_review,src_ncas,"Mapa de sofisticación, no nivel fijo del estudiante."
prog_prac_art_evaluate_L1,prac_art_evaluate,ART,1,Participar con apoyo,"Participa en la práctica «Aplicar criterios para evaluar» con apoyos explícitos, ejemplos o una estructura provista.",expert_synthesis,false,needs_expert_review,src_ncas,"Mapa de sofisticación, no nivel fijo del estudiante."
prog_prac_art_evaluate_L2,prac_art_evaluate,ART,2,Aplicar con propósito,"Aplica «Aplicar criterios para evaluar» en una situación conocida, explicando decisiones básicas y usando representaciones/herramientas pertinentes.",expert_synthesis,false,needs_expert_review,src_ncas,"Mapa de sofisticación, no nivel fijo del estudiante."
prog_prac_art_evaluate_L3,prac_art_evaluate,ART,3,"Seleccionar, justificar y revisar","Usa «Aplicar criterios para evaluar» con mayor autonomía; selecciona estrategias, justifica decisiones y revisa su trabajo frente a criterios, evidencia o retroalimentación.",expert_synthesis,false,needs_expert_review,src_ncas,"Mapa de sofisticación, no nivel fijo del estudiante."
prog_prac_art_connect_personal_L1,prac_art_connect_personal,ART,1,Participar con apoyo,"Participa en la práctica «Conectar conocimiento y experiencias personales» con apoyos explícitos, ejemplos o una estructura provista.",expert_synthesis,false,needs_expert_review,src_ncas,"Mapa de sofisticación, no nivel fijo del estudiante."
prog_prac_art_connect_personal_L2,prac_art_connect_personal,ART,2,Aplicar con propósito,"Aplica «Conectar conocimiento y experiencias personales» en una situación conocida, explicando decisiones básicas y usando representaciones/herramientas pertinentes.",expert_synthesis,false,needs_expert_review,src_ncas,"Mapa de sofisticación, no nivel fijo del estudiante."
prog_prac_art_connect_personal_L3,prac_art_connect_personal,ART,3,"Seleccionar, justificar y revisar","Usa «Conectar conocimiento y experiencias personales» con mayor autonomía; selecciona estrategias, justifica decisiones y revisa su trabajo frente a criterios, evidencia o retroalimentación.",expert_synthesis,false,needs_expert_review,src_ncas,"Mapa de sofisticación, no nivel fijo del estudiante."
prog_prac_art_connect_context_L1,prac_art_connect_context,ART,1,Participar con apoyo,"Participa en la práctica «Conectar arte con contextos sociales, culturales e históricos» con apoyos explícitos, ejemplos o una estructura provista.",expert_synthesis,false,needs_expert_review,src_ncas,"Mapa de sofisticación, no nivel fijo del estudiante."
prog_prac_art_connect_context_L2,prac_art_connect_context,ART,2,Aplicar con propósito,"Aplica «Conectar arte con contextos sociales, culturales e históricos» en una situación conocida, explicando decisiones básicas y usando representaciones/herramientas pertinentes.",expert_synthesis,false,needs_expert_review,src_ncas,"Mapa de sofisticación, no nivel fijo del estudiante."
prog_prac_art_connect_context_L3,prac_art_connect_context,ART,3,"Seleccionar, justificar y revisar","Usa «Conectar arte con contextos sociales, culturales e históricos» con mayor autonomía; selecciona estrategias, justifica decisiones y revisa su trabajo frente a criterios, evidencia o retroalimentación.",expert_synthesis,false,needs_expert_review,src_ncas,"Mapa de sofisticación, no nivel fijo del estudiante."
